# Blender 5.0.0
# www.blender.org
mtllib login.mtl
o Text
v 3.633000 0.569000 0.000000
v 3.644449 0.573982 0.000000
v 3.655343 0.578440 0.000000
v 3.665750 0.582391 0.000000
v 3.675741 0.585852 0.000000
v 3.685385 0.588841 0.000000
v 3.694750 0.591375 0.000000
v 3.703908 0.593472 0.000000
v 3.712926 0.595148 0.000000
v 3.721875 0.596422 0.000000
v 3.730824 0.597310 0.000000
v 3.739843 0.597830 0.000000
v 3.749000 0.598000 0.000000
v 3.766447 0.597196 0.000000
v 3.782741 0.594819 0.000000
v 3.797813 0.590922 0.000000
v 3.811593 0.585556 0.000000
v 3.824012 0.578773 0.000000
v 3.835000 0.570625 0.000000
v 3.844489 0.561165 0.000000
v 3.852408 0.550444 0.000000
v 3.858688 0.538516 0.000000
v 3.863260 0.525431 0.000000
v 3.866054 0.511241 0.000000
v 3.867000 0.496000 0.000000
v 3.866063 0.481028 0.000000
v 3.863250 0.467139 0.000000
v 3.858563 0.454375 0.000000
v 3.852000 0.442778 0.000000
v 3.843563 0.432389 0.000000
v 3.833250 0.423250 0.000000
v 3.821063 0.415403 0.000000
v 3.807000 0.408889 0.000000
v 3.791063 0.403750 0.000000
v 3.773250 0.400028 0.000000
v 3.753563 0.397764 0.000000
v 3.732000 0.397000 0.000000
v 3.732000 0.307000 0.000000
v 3.755250 0.307087 0.000000
v 3.776495 0.304944 0.000000
v 3.795734 0.300719 0.000000
v 3.812963 0.294556 0.000000
v 3.828178 0.286601 0.000000
v 3.841375 0.277000 0.000000
v 3.852552 0.265899 0.000000
v 3.861704 0.253444 0.000000
v 3.868828 0.239781 0.000000
v 3.873921 0.225056 0.000000
v 3.876980 0.209413 0.000000
v 3.878000 0.193000 0.000000
v 3.877115 0.176991 0.000000
v 3.874505 0.162009 0.000000
v 3.870234 0.148125 0.000000
v 3.864371 0.135407 0.000000
v 3.856979 0.123926 0.000000
v 3.848125 0.113750 0.000000
v 3.837876 0.104949 0.000000
v 3.826297 0.097593 0.000000
v 3.813453 0.091750 0.000000
v 3.799412 0.087491 0.000000
v 3.784239 0.084884 0.000000
v 3.768000 0.084000 0.000000
v 3.755499 0.084355 0.000000
v 3.742991 0.085421 0.000000
v 3.730469 0.087203 0.000000
v 3.717926 0.089704 0.000000
v 3.705355 0.092927 0.000000
v 3.692750 0.096875 0.000000
v 3.680103 0.101553 0.000000
v 3.667407 0.106963 0.000000
v 3.654656 0.113109 0.000000
v 3.641843 0.119995 0.000000
v 3.628959 0.127624 0.000000
v 3.616000 0.136000 0.000000
v 3.616000 0.030000 0.000000
v 3.628249 0.023981 0.000000
v 3.640491 0.018431 0.000000
v 3.652719 0.013359 0.000000
v 3.664926 0.008778 0.000000
v 3.677105 0.004696 0.000000
v 3.689250 0.001125 0.000000
v 3.701353 -0.001925 -0.000000
v 3.713408 -0.004444 -0.000000
v 3.725406 -0.006422 -0.000000
v 3.737343 -0.007847 -0.000000
v 3.749210 -0.008710 -0.000000
v 3.761000 -0.009000 -0.000000
v 3.791699 -0.007257 -0.000000
v 3.820676 -0.002139 -0.000000
v 3.847750 0.006188 0.000000
v 3.872741 0.017556 0.000000
v 3.895468 0.031799 0.000000
v 3.915750 0.048750 0.000000
v 3.933408 0.068243 0.000000
v 3.948260 0.090111 0.000000
v 3.960125 0.114188 0.000000
v 3.968825 0.140306 0.000000
v 3.974176 0.168299 0.000000
v 3.976000 0.198000 0.000000
v 3.975370 0.215491 0.000000
v 3.973463 0.232847 0.000000
v 3.970250 0.249891 0.000000
v 3.965704 0.266444 0.000000
v 3.959796 0.282332 0.000000
v 3.952500 0.297375 0.000000
v 3.943787 0.311398 0.000000
v 3.933630 0.324222 0.000000
v 3.922000 0.335672 0.000000
v 3.908870 0.345569 0.000000
v 3.894213 0.353738 0.000000
v 3.878000 0.360000 0.000000
v 3.892736 0.368701 0.000000
v 3.905972 0.377861 0.000000
v 3.917750 0.387563 0.000000
v 3.928111 0.397889 0.000000
v 3.937098 0.408924 0.000000
v 3.944750 0.420750 0.000000
v 3.951112 0.433451 0.000000
v 3.956223 0.447111 0.000000
v 3.960126 0.461813 0.000000
v 3.962862 0.477639 0.000000
v 3.964473 0.494674 0.000000
v 3.965000 0.513000 0.000000
v 3.963375 0.539190 0.000000
v 3.958583 0.563685 0.000000
v 3.950750 0.586375 0.000000
v 3.940000 0.607148 0.000000
v 3.926458 0.625894 0.000000
v 3.910250 0.642500 0.000000
v 3.891500 0.656857 0.000000
v 3.870333 0.668852 0.000000
v 3.846875 0.678375 0.000000
v 3.821250 0.685315 0.000000
v 3.793583 0.689560 0.000000
v 3.764000 0.691000 0.000000
v 3.751492 0.690811 0.000000
v 3.739435 0.690241 0.000000
v 3.727781 0.689281 0.000000
v 3.716481 0.687926 0.000000
v 3.705487 0.686168 0.000000
v 3.694750 0.684000 0.000000
v 3.684221 0.681415 0.000000
v 3.673852 0.678407 0.000000
v 3.663594 0.674969 0.000000
v 3.653398 0.671093 0.000000
v 3.643216 0.666772 0.000000
v 3.633000 0.662000 0.000000
v 0.625918 0.668469 0.000000
v 0.618000 0.682000 0.000000
v 0.391000 0.402000 0.000000
v 0.165000 0.682000 0.000000
v -0.036553 0.273518 0.000000
v 0.073000 0.000000 0.000000
v 0.315749 -0.004908 -0.000000
v 0.171000 0.531000 0.000000
v 0.173000 0.531000 0.000000
v 0.383000 0.267000 0.000000
v 0.399000 0.267000 0.000000
v 0.609000 0.531000 0.000000
v 0.611000 0.531000 0.000000
v 0.470671 -0.000000 -0.000000
v 0.709000 0.000000 0.000000
v 0.704164 0.051681 0.000000
v 0.702745 0.096775 0.000000
v 0.703603 0.137479 0.000000
v 0.705600 0.175987 0.000000
v 0.707597 0.214496 0.000000
v 0.708455 0.255199 0.000000
v 0.707036 0.300294 0.000000
v 0.702200 0.351975 0.000000
v 0.692809 0.412437 0.000000
v 0.677725 0.483877 0.000000
v 0.655807 0.568489 0.000000
v 1.143000 0.686000 0.000000
v 1.074000 0.686000 0.000000
v 0.781000 0.000000 0.000000
v 1.023708 0.000000 0.000000
v 0.967000 0.201000 0.000000
v 1.257000 0.201000 0.000000
v 1.215508 -0.002473 -0.000000
v 1.448000 0.000000 0.000000
v 1.109529 0.421518 0.000000
v 1.217000 0.289000 0.000000
v 1.005000 0.289000 0.000000
v 1.525000 0.682000 0.000000
v 1.525000 0.000000 0.000000
v 1.730702 0.000005 0.000000
v 1.623000 0.296000 0.000000
v 1.664000 0.296000 0.000000
v 1.676346 0.295604 0.000000
v 1.688519 0.294167 0.000000
v 1.700719 0.291313 0.000000
v 1.713148 0.286667 0.000000
v 1.726008 0.279854 0.000000
v 1.739500 0.270500 0.000000
v 1.753825 0.258229 0.000000
v 1.769185 0.242667 0.000000
v 1.785781 0.223437 0.000000
v 1.803815 0.200167 0.000000
v 1.823487 0.172479 0.000000
v 1.845000 0.140000 0.000000
v 1.809758 0.000000 0.000000
v 2.052000 0.000000 0.000000
v 2.040847 0.015411 0.000000
v 2.030793 0.029298 0.000000
v 2.021694 0.041891 0.000000
v 2.013405 0.053420 0.000000
v 2.005783 0.064116 0.000000
v 1.998683 0.074209 0.000000
v 1.991962 0.083929 0.000000
v 1.985476 0.093507 0.000000
v 1.979081 0.103172 0.000000
v 1.972633 0.113156 0.000000
v 1.965987 0.123689 0.000000
v 1.959000 0.135000 0.000000
v 1.946270 0.155792 0.000000
v 1.933991 0.175667 0.000000
v 1.922031 0.194625 0.000000
v 1.910259 0.212667 0.000000
v 1.898543 0.229792 0.000000
v 1.886750 0.246000 0.000000
v 1.874749 0.261292 0.000000
v 1.862407 0.275667 0.000000
v 1.849594 0.289125 0.000000
v 1.836176 0.301667 0.000000
v 1.822022 0.313292 0.000000
v 1.807000 0.324000 0.000000
v 1.824578 0.331869 0.000000
v 1.840792 0.340954 0.000000
v 1.855610 0.351219 0.000000
v 1.869000 0.362630 0.000000
v 1.880932 0.375152 0.000000
v 1.891375 0.388750 0.000000
v 1.900297 0.403390 0.000000
v 1.907667 0.419037 0.000000
v 1.913453 0.435656 0.000000
v 1.917625 0.453213 0.000000
v 1.920151 0.471673 0.000000
v 1.921000 0.491000 0.000000
v 1.919228 0.519546 0.000000
v 1.913991 0.546120 0.000000
v 1.905406 0.570625 0.000000
v 1.893593 0.592963 0.000000
v 1.878668 0.613037 0.000000
v 1.860750 0.630750 0.000000
v 1.839957 0.646005 0.000000
v 1.816407 0.658704 0.000000
v 1.790219 0.668750 0.000000
v 1.761509 0.676046 0.000000
v 1.730397 0.680495 0.000000
v 1.697000 0.682000 0.000000
v 1.623000 0.598000 0.000000
v 1.686000 0.598000 0.000000
v 1.707626 0.597196 0.000000
v 1.725271 0.594815 0.000000
v 1.739343 0.590906 0.000000
v 1.750244 0.585518 0.000000
v 1.758380 0.578700 0.000000
v 1.764156 0.570499 0.000000
v 1.767976 0.560966 0.000000
v 1.770244 0.550147 0.000000
v 1.771367 0.538093 0.000000
v 1.771748 0.524851 0.000000
v 1.771792 0.510471 0.000000
v 1.771904 0.495000 0.000000
v 1.772429 0.480842 0.000000
v 1.773179 0.466986 0.000000
v 1.773669 0.453609 0.000000
v 1.773410 0.440889 0.000000
v 1.771917 0.429002 0.000000
v 1.768702 0.418125 0.000000
v 1.763279 0.408436 0.000000
v 1.755160 0.400111 0.000000
v 1.743860 0.393328 0.000000
v 1.728891 0.388264 0.000000
v 1.709767 0.385095 0.000000
v 1.686000 0.384000 0.000000
v 1.702386 0.494865 0.000000
v 2.522000 0.341000 0.000000
v 2.520192 0.392001 0.000000
v 2.514870 0.439843 0.000000
v 2.506187 0.484281 0.000000
v 2.494296 0.525074 0.000000
v 2.479350 0.561978 0.000000
v 2.461500 0.594750 0.000000
v 2.440901 0.623147 0.000000
v 2.417704 0.646926 0.000000
v 2.392063 0.665844 0.000000
v 2.364130 0.679658 0.000000
v 2.334058 0.688124 0.000000
v 2.302000 0.691000 0.000000
v 2.269942 0.688124 0.000000
v 2.239871 0.679657 0.000000
v 2.211938 0.665844 0.000000
v 2.186296 0.646926 0.000000
v 2.163100 0.623147 0.000000
v 2.142500 0.594750 0.000000
v 2.124651 0.561978 0.000000
v 2.109704 0.525074 0.000000
v 2.097813 0.484281 0.000000
v 2.089130 0.439843 0.000000
v 2.083808 0.392001 0.000000
v 2.082000 0.341000 0.000000
v 2.083808 0.289999 0.000000
v 2.089130 0.242157 0.000000
v 2.097813 0.197719 0.000000
v 2.109704 0.156926 0.000000
v 2.124650 0.120022 0.000000
v 2.142500 0.087250 0.000000
v 2.163100 0.058853 0.000000
v 2.186296 0.035074 0.000000
v 2.211937 0.016156 0.000000
v 2.239870 0.002343 0.000000
v 2.269942 -0.006124 -0.000000
v 2.302000 -0.009000 -0.000000
v 2.334058 -0.006124 -0.000000
v 2.364130 0.002343 0.000000
v 2.392062 0.016156 0.000000
v 2.417704 0.035074 0.000000
v 2.440900 0.058853 0.000000
v 2.461500 0.087250 0.000000
v 2.479349 0.120022 0.000000
v 2.494296 0.156926 0.000000
v 2.506187 0.197719 0.000000
v 2.514870 0.242157 0.000000
v 2.520192 0.289999 0.000000
v 2.424000 0.341000 0.000000
v 2.423051 0.302332 0.000000
v 2.420241 0.266407 0.000000
v 2.415625 0.233344 0.000000
v 2.409259 0.203259 0.000000
v 2.401199 0.176272 0.000000
v 2.391500 0.152500 0.000000
v 2.380217 0.132061 0.000000
v 2.367407 0.115074 0.000000
v 2.353125 0.101656 0.000000
v 2.337425 0.091926 0.000000
v 2.320365 0.086001 0.000000
v 2.302000 0.084000 0.000000
v 2.283634 0.086001 0.000000
v 2.266574 0.091926 0.000000
v 2.250875 0.101656 0.000000
v 2.236593 0.115074 0.000000
v 2.223782 0.132061 0.000000
v 2.212500 0.152500 0.000000
v 2.202801 0.176272 0.000000
v 2.194741 0.203259 0.000000
v 2.188375 0.233344 0.000000
v 2.183759 0.266407 0.000000
v 2.180949 0.302332 0.000000
v 2.180000 0.341000 0.000000
v 2.180949 0.379668 0.000000
v 2.183759 0.415593 0.000000
v 2.188375 0.448656 0.000000
v 2.194741 0.478741 0.000000
v 2.202801 0.505728 0.000000
v 2.212500 0.529500 0.000000
v 2.223783 0.549939 0.000000
v 2.236593 0.566926 0.000000
v 2.250875 0.580344 0.000000
v 2.266575 0.590074 0.000000
v 2.283635 0.595999 0.000000
v 2.302000 0.598000 0.000000
v 2.320366 0.595999 0.000000
v 2.337426 0.590074 0.000000
v 2.353125 0.580344 0.000000
v 2.367408 0.566926 0.000000
v 2.380218 0.549939 0.000000
v 2.391500 0.529500 0.000000
v 2.401199 0.505728 0.000000
v 2.409260 0.478741 0.000000
v 2.415625 0.448656 0.000000
v 2.420241 0.415593 0.000000
v 2.423051 0.379668 0.000000
v 2.739000 -0.009000 -0.000000
v 2.778003 0.017310 0.000000
v 2.814852 0.046977 0.000000
v 2.849313 0.079609 0.000000
v 2.881148 0.114815 0.000000
v 2.910123 0.152201 0.000000
v 2.936000 0.191375 0.000000
v 2.958544 0.231945 0.000000
v 2.977518 0.273519 0.000000
v 2.992687 0.315703 0.000000
v 3.003814 0.358107 0.000000
v 3.010664 0.400336 0.000000
v 3.013000 0.442000 0.000000
v 3.011137 0.476939 0.000000
v 3.005676 0.510097 0.000000
v 2.996812 0.541234 0.000000
v 2.984740 0.570111 0.000000
v 2.969655 0.596488 0.000000
v 2.951750 0.620125 0.000000
v 2.931220 0.640783 0.000000
v 2.908259 0.658222 0.000000
v 2.883062 0.672203 0.000000
v 2.855824 0.682486 0.000000
v 2.826738 0.688832 0.000000
v 2.796000 0.691000 0.000000
v 2.765439 0.688954 0.000000
v 2.736843 0.683051 0.000000
v 2.710344 0.673641 0.000000
v 2.686074 0.661074 0.000000
v 2.664166 0.645702 0.000000
v 2.644750 0.627875 0.000000
v 2.627960 0.607944 0.000000
v 2.613926 0.586259 0.000000
v 2.602782 0.563172 0.000000
v 2.594658 0.539032 0.000000
v 2.589687 0.514192 0.000000
v 2.588000 0.489000 0.000000
v 2.589735 0.461767 0.000000
v 2.594796 0.435718 0.000000
v 2.602969 0.411078 0.000000
v 2.614037 0.388074 0.000000
v 2.627786 0.366931 0.000000
v 2.644000 0.347875 0.000000
v 2.662464 0.331131 0.000000
v 2.682963 0.316926 0.000000
v 2.705281 0.305484 0.000000
v 2.729204 0.297032 0.000000
v 2.754515 0.291796 0.000000
v 2.781000 0.290000 0.000000
v 2.790075 0.290227 0.000000
v 2.799268 0.290898 0.000000
v 2.808531 0.292000 0.000000
v 2.817815 0.293519 0.000000
v 2.827071 0.295440 0.000000
v 2.836250 0.297750 0.000000
v 2.845304 0.300435 0.000000
v 2.854185 0.303482 0.000000
v 2.862844 0.306875 0.000000
v 2.871232 0.310602 0.000000
v 2.879300 0.314648 0.000000
v 2.887000 0.319000 0.000000
v 2.881112 0.297329 0.000000
v 2.872982 0.275384 0.000000
v 2.862656 0.253266 0.000000
v 2.850185 0.231074 0.000000
v 2.835617 0.208910 0.000000
v 2.819000 0.186875 0.000000
v 2.800383 0.165069 0.000000
v 2.779815 0.143593 0.000000
v 2.757344 0.122547 0.000000
v 2.733019 0.102032 0.000000
v 2.706888 0.082150 0.000000
v 2.679000 0.063000 0.000000
v 2.686000 0.490000 0.000000
v 2.686963 0.505359 0.000000
v 2.689783 0.519875 0.000000
v 2.694360 0.533453 0.000000
v 2.700593 0.546000 0.000000
v 2.708381 0.557422 0.000000
v 2.717625 0.567625 0.000000
v 2.728223 0.576516 0.000000
v 2.740074 0.584000 0.000000
v 2.753078 0.589984 0.000000
v 2.767134 0.594375 0.000000
v 2.782142 0.597078 0.000000
v 2.798000 0.598000 0.000000
v 2.813478 0.596840 0.000000
v 2.828320 0.593472 0.000000
v 2.842391 0.588063 0.000000
v 2.855556 0.580778 0.000000
v 2.867679 0.571785 0.000000
v 2.878625 0.561250 0.000000
v 2.888259 0.549340 0.000000
v 2.896445 0.536222 0.000000
v 2.903048 0.522062 0.000000
v 2.907931 0.507028 0.000000
v 2.910961 0.491285 0.000000
v 2.912000 0.475000 0.000000
v 2.911997 0.470805 0.000000
v 2.911977 0.466690 0.000000
v 2.911922 0.462609 0.000000
v 2.911815 0.458519 0.000000
v 2.911638 0.454372 0.000000
v 2.911375 0.450125 0.000000
v 2.911008 0.445732 0.000000
v 2.910519 0.441148 0.000000
v 2.909891 0.436328 0.000000
v 2.909107 0.431227 0.000000
v 2.908149 0.425799 0.000000
v 2.907000 0.420000 0.000000
v 2.897715 0.413810 0.000000
v 2.888389 0.408231 0.000000
v 2.879062 0.403250 0.000000
v 2.869778 0.398852 0.000000
v 2.860576 0.395023 0.000000
v 2.851500 0.391750 0.000000
v 2.842590 0.389019 0.000000
v 2.833889 0.386815 0.000000
v 2.825438 0.385125 0.000000
v 2.817278 0.383935 0.000000
v 2.809452 0.383231 0.000000
v 2.802000 0.383000 0.000000
v 2.786273 0.383979 0.000000
v 2.771185 0.386829 0.000000
v 2.756875 0.391422 0.000000
v 2.743482 0.397630 0.000000
v 2.731144 0.405324 0.000000
v 2.720001 0.414375 0.000000
v 2.710190 0.424656 0.000000
v 2.701852 0.436037 0.000000
v 2.695126 0.448391 0.000000
v 2.690149 0.461588 0.000000
v 2.687061 0.475501 0.000000
v 3.369000 0.691000 0.000000
v 3.326446 0.660466 0.000000
v 3.287320 0.627977 0.000000
v 3.251672 0.593703 0.000000
v 3.219556 0.557815 0.000000
v 3.191023 0.520482 0.000000
v 3.166125 0.481875 0.000000
v 3.144915 0.442164 0.000000
v 3.127444 0.401519 0.000000
v 3.113765 0.360109 0.000000
v 3.103930 0.318107 0.000000
v 3.097991 0.275680 0.000000
v 3.096000 0.233000 0.000000
v 3.097827 0.197988 0.000000
v 3.103199 0.165074 0.000000
v 3.111953 0.134438 0.000000
v 3.123926 0.106259 0.000000
v 3.138954 0.080720 0.000000
v 3.156875 0.058000 0.000000
v 3.177525 0.038280 0.000000
v 3.200741 0.021741 0.000000
v 3.226359 0.008563 0.000000
v 3.254217 -0.001074 -0.000000
v 3.284152 -0.006988 -0.000000
v 3.316000 -0.009000 -0.000000
v 3.342852 -0.007106 -0.000000
v 3.368736 -0.001597 -0.000000
v 3.393391 0.007266 0.000000
v 3.416556 0.019222 0.000000
v 3.437971 0.034012 0.000000
v 3.457375 0.051375 0.000000
v 3.474509 0.071050 0.000000
v 3.489111 0.092778 0.000000
v 3.500922 0.116297 0.000000
v 3.509681 0.141347 0.000000
v 3.515127 0.167668 0.000000
v 3.517000 0.195000 0.000000
v 3.515324 0.222653 0.000000
v 3.510422 0.248977 0.000000
v 3.502485 0.273766 0.000000
v 3.491704 0.296815 0.000000
v 3.478270 0.317920 0.000000
v 3.462375 0.336875 0.000000
v 3.444209 0.353476 0.000000
v 3.423963 0.367518 0.000000
v 3.401828 0.378797 0.000000
v 3.377995 0.387106 0.000000
v 3.352656 0.392242 0.000000
v 3.326000 0.394000 0.000000
v 3.314957 0.393716 0.000000
v 3.304324 0.392898 0.000000
v 3.294094 0.391594 0.000000
v 3.284259 0.389852 0.000000
v 3.274814 0.387721 0.000000
v 3.265750 0.385250 0.000000
v 3.257061 0.382487 0.000000
v 3.248741 0.379482 0.000000
v 3.240781 0.376281 0.000000
v 3.233176 0.372935 0.000000
v 3.225918 0.369492 0.000000
v 3.219000 0.366000 0.000000
v 3.227161 0.389806 0.000000
v 3.237537 0.413616 0.000000
v 3.249969 0.437266 0.000000
v 3.264296 0.460593 0.000000
v 3.280360 0.483433 0.000000
v 3.298000 0.505625 0.000000
v 3.317057 0.527004 0.000000
v 3.337371 0.547407 0.000000
v 3.358782 0.566672 0.000000
v 3.381130 0.584634 0.000000
v 3.404256 0.601131 0.000000
v 3.428000 0.616000 0.000000
v 3.198000 0.265000 0.000000
v 3.208356 0.271590 0.000000
v 3.218014 0.277389 0.000000
v 3.227109 0.282438 0.000000
v 3.235778 0.286778 0.000000
v 3.244155 0.290451 0.000000
v 3.252375 0.293500 0.000000
v 3.260575 0.295965 0.000000
v 3.268889 0.297889 0.000000
v 3.277453 0.299313 0.000000
v 3.286403 0.300278 0.000000
v 3.295873 0.300826 0.000000
v 3.306000 0.301000 0.000000
v 3.321878 0.300080 0.000000
v 3.336940 0.297389 0.000000
v 3.351078 0.293031 0.000000
v 3.364185 0.287111 0.000000
v 3.376153 0.279733 0.000000
v 3.386875 0.271000 0.000000
v 3.396242 0.261017 0.000000
v 3.404148 0.249889 0.000000
v 3.410484 0.237719 0.000000
v 3.415143 0.224611 0.000000
v 3.418018 0.210670 0.000000
v 3.419000 0.196000 0.000000
v 3.418097 0.179722 0.000000
v 3.415440 0.164440 0.000000
v 3.411109 0.150234 0.000000
v 3.405185 0.137185 0.000000
v 3.397747 0.125372 0.000000
v 3.388875 0.114875 0.000000
v 3.378649 0.105774 0.000000
v 3.367148 0.098148 0.000000
v 3.354453 0.092078 0.000000
v 3.340643 0.087644 0.000000
v 3.325799 0.084924 0.000000
v 3.310000 0.084000 0.000000
v 3.292385 0.085422 0.000000
v 3.275245 0.089630 0.000000
v 3.258891 0.096531 0.000000
v 3.243630 0.106037 0.000000
v 3.229771 0.118057 0.000000
v 3.217625 0.132500 0.000000
v 3.207499 0.149277 0.000000
v 3.199703 0.168296 0.000000
v 3.194547 0.189469 0.000000
v 3.192338 0.212704 0.000000
v 3.193386 0.237911 0.000000
v 3.633000 0.569000 0.395150
v 3.644449 0.573982 0.395150
v 3.655343 0.578440 0.395150
v 3.665750 0.582391 0.395150
v 3.675741 0.585852 0.395150
v 3.685385 0.588841 0.395150
v 3.694750 0.591375 0.395150
v 3.703908 0.593472 0.395150
v 3.712926 0.595148 0.395150
v 3.721875 0.596422 0.395150
v 3.730824 0.597310 0.395150
v 3.739843 0.597830 0.395150
v 3.749000 0.598000 0.395150
v 3.766447 0.597196 0.395150
v 3.782741 0.594819 0.395150
v 3.797813 0.590922 0.395150
v 3.811593 0.585556 0.395150
v 3.824012 0.578773 0.395150
v 3.835000 0.570625 0.395150
v 3.844489 0.561165 0.395150
v 3.852408 0.550444 0.395150
v 3.858688 0.538516 0.395150
v 3.863260 0.525431 0.395150
v 3.866054 0.511241 0.395150
v 3.867000 0.496000 0.395150
v 3.866063 0.481028 0.395150
v 3.863250 0.467139 0.395150
v 3.858563 0.454375 0.395150
v 3.852000 0.442778 0.395150
v 3.843563 0.432389 0.395150
v 3.833250 0.423250 0.395150
v 3.821063 0.415403 0.395150
v 3.807000 0.408889 0.395150
v 3.791063 0.403750 0.395150
v 3.773250 0.400028 0.395150
v 3.753563 0.397764 0.395150
v 3.732000 0.397000 0.395150
v 3.732000 0.307000 0.395150
v 3.755250 0.307087 0.395150
v 3.776495 0.304944 0.395150
v 3.795734 0.300719 0.395150
v 3.812963 0.294556 0.395150
v 3.828178 0.286601 0.395150
v 3.841375 0.277000 0.395150
v 3.852552 0.265899 0.395150
v 3.861704 0.253444 0.395150
v 3.868828 0.239781 0.395150
v 3.873921 0.225056 0.395150
v 3.876980 0.209413 0.395150
v 3.878000 0.193000 0.395150
v 3.877115 0.176991 0.395150
v 3.874505 0.162009 0.395150
v 3.870234 0.148125 0.395150
v 3.864371 0.135407 0.395150
v 3.856979 0.123926 0.395150
v 3.848125 0.113750 0.395150
v 3.837876 0.104949 0.395150
v 3.826297 0.097593 0.395150
v 3.813453 0.091750 0.395150
v 3.799412 0.087491 0.395150
v 3.784239 0.084884 0.395150
v 3.768000 0.084000 0.395150
v 3.755499 0.084355 0.395150
v 3.742991 0.085421 0.395150
v 3.730469 0.087203 0.395150
v 3.717926 0.089704 0.395150
v 3.705355 0.092926 0.395150
v 3.692750 0.096875 0.395150
v 3.680103 0.101553 0.395150
v 3.667407 0.106963 0.395150
v 3.654656 0.113109 0.395150
v 3.641843 0.119995 0.395150
v 3.628959 0.127624 0.395150
v 3.616000 0.136000 0.395150
v 3.616000 0.030000 0.395150
v 3.628249 0.023981 0.395150
v 3.640491 0.018431 0.395150
v 3.652719 0.013359 0.395150
v 3.664926 0.008778 0.395150
v 3.677105 0.004696 0.395150
v 3.689250 0.001125 0.395150
v 3.701353 -0.001925 0.395150
v 3.713408 -0.004444 0.395150
v 3.725406 -0.006422 0.395150
v 3.737343 -0.007847 0.395150
v 3.749210 -0.008710 0.395150
v 3.761000 -0.009000 0.395150
v 3.791699 -0.007257 0.395150
v 3.820676 -0.002139 0.395150
v 3.847750 0.006187 0.395150
v 3.872741 0.017556 0.395150
v 3.895468 0.031799 0.395150
v 3.915750 0.048750 0.395150
v 3.933408 0.068243 0.395150
v 3.948260 0.090111 0.395150
v 3.960125 0.114187 0.395150
v 3.968825 0.140306 0.395150
v 3.974176 0.168299 0.395150
v 3.976000 0.198000 0.395150
v 3.975370 0.215491 0.395150
v 3.973463 0.232847 0.395150
v 3.970250 0.249891 0.395150
v 3.965704 0.266444 0.395150
v 3.959796 0.282332 0.395150
v 3.952500 0.297375 0.395150
v 3.943787 0.311398 0.395150
v 3.933630 0.324222 0.395150
v 3.922000 0.335672 0.395150
v 3.908870 0.345569 0.395150
v 3.894213 0.353738 0.395150
v 3.878000 0.360000 0.395150
v 3.892736 0.368701 0.395150
v 3.905972 0.377861 0.395150
v 3.917750 0.387562 0.395150
v 3.928111 0.397889 0.395150
v 3.937098 0.408924 0.395150
v 3.944750 0.420750 0.395150
v 3.951112 0.433451 0.395150
v 3.956223 0.447111 0.395150
v 3.960126 0.461812 0.395150
v 3.962862 0.477639 0.395150
v 3.964473 0.494674 0.395150
v 3.965000 0.513000 0.395150
v 3.963375 0.539190 0.395150
v 3.958583 0.563685 0.395150
v 3.950750 0.586375 0.395150
v 3.940000 0.607148 0.395150
v 3.926458 0.625894 0.395150
v 3.910250 0.642500 0.395150
v 3.891500 0.656857 0.395150
v 3.870333 0.668852 0.395150
v 3.846875 0.678375 0.395150
v 3.821250 0.685315 0.395150
v 3.793583 0.689560 0.395150
v 3.764000 0.691000 0.395150
v 3.751492 0.690811 0.395150
v 3.739435 0.690241 0.395150
v 3.727781 0.689281 0.395150
v 3.716481 0.687926 0.395150
v 3.705487 0.686168 0.395150
v 3.694750 0.684000 0.395150
v 3.684221 0.681415 0.395150
v 3.673852 0.678407 0.395150
v 3.663594 0.674969 0.395150
v 3.653398 0.671093 0.395150
v 3.643216 0.666772 0.395150
v 3.633000 0.662000 0.395150
v 0.625918 0.668469 0.395150
v 0.618000 0.682000 0.395150
v 0.391000 0.402000 0.395150
v 0.165000 0.682000 0.395150
v -0.036553 0.273518 0.395150
v 0.073000 -0.000000 0.395150
v 0.315749 -0.004908 0.395150
v 0.171000 0.531000 0.395150
v 0.173000 0.531000 0.395150
v 0.383000 0.267000 0.395150
v 0.399000 0.267000 0.395150
v 0.609000 0.531000 0.395150
v 0.611000 0.531000 0.395150
v 0.470671 -0.000000 0.395150
v 0.709000 -0.000000 0.395150
v 0.704164 0.051681 0.395150
v 0.702745 0.096775 0.395150
v 0.703603 0.137479 0.395150
v 0.705600 0.175987 0.395150
v 0.707597 0.214496 0.395150
v 0.708455 0.255199 0.395150
v 0.707036 0.300294 0.395150
v 0.702200 0.351975 0.395150
v 0.692809 0.412437 0.395150
v 0.677725 0.483877 0.395150
v 0.655807 0.568489 0.395150
v 1.143000 0.686000 0.395150
v 1.074000 0.686000 0.395150
v 0.781000 -0.000000 0.395150
v 1.023708 0.000000 0.395150
v 0.967000 0.201000 0.395150
v 1.257000 0.201000 0.395150
v 1.215508 -0.002473 0.395150
v 1.448000 -0.000000 0.395150
v 1.109529 0.421518 0.395150
v 1.217000 0.289000 0.395150
v 1.005000 0.289000 0.395150
v 1.525000 0.682000 0.395150
v 1.525000 -0.000000 0.395150
v 1.730702 0.000005 0.395150
v 1.623000 0.296000 0.395150
v 1.664000 0.296000 0.395150
v 1.676346 0.295604 0.395150
v 1.688519 0.294167 0.395150
v 1.700719 0.291312 0.395150
v 1.713148 0.286667 0.395150
v 1.726008 0.279854 0.395150
v 1.739500 0.270500 0.395150
v 1.753825 0.258229 0.395150
v 1.769185 0.242667 0.395150
v 1.785781 0.223437 0.395150
v 1.803815 0.200167 0.395150
v 1.823487 0.172479 0.395150
v 1.845000 0.140000 0.395150
v 1.809758 -0.000000 0.395150
v 2.052000 -0.000000 0.395150
v 2.040847 0.015411 0.395150
v 2.030793 0.029298 0.395150
v 2.021694 0.041891 0.395150
v 2.013405 0.053420 0.395150
v 2.005783 0.064116 0.395150
v 1.998683 0.074209 0.395150
v 1.991962 0.083929 0.395150
v 1.985476 0.093507 0.395150
v 1.979081 0.103172 0.395150
v 1.972633 0.113156 0.395150
v 1.965987 0.123689 0.395150
v 1.959000 0.135000 0.395150
v 1.946270 0.155792 0.395150
v 1.933991 0.175667 0.395150
v 1.922031 0.194625 0.395150
v 1.910259 0.212667 0.395150
v 1.898543 0.229792 0.395150
v 1.886750 0.246000 0.395150
v 1.874749 0.261292 0.395150
v 1.862407 0.275667 0.395150
v 1.849594 0.289125 0.395150
v 1.836176 0.301667 0.395150
v 1.822022 0.313292 0.395150
v 1.807000 0.324000 0.395150
v 1.824578 0.331869 0.395150
v 1.840792 0.340954 0.395150
v 1.855610 0.351219 0.395150
v 1.869000 0.362630 0.395150
v 1.880932 0.375152 0.395150
v 1.891375 0.388750 0.395150
v 1.900297 0.403390 0.395150
v 1.907667 0.419037 0.395150
v 1.913453 0.435656 0.395150
v 1.917625 0.453213 0.395150
v 1.920151 0.471672 0.395150
v 1.921000 0.491000 0.395150
v 1.919228 0.519546 0.395150
v 1.913991 0.546120 0.395150
v 1.905406 0.570625 0.395150
v 1.893593 0.592963 0.395150
v 1.878668 0.613037 0.395150
v 1.860750 0.630750 0.395150
v 1.839957 0.646005 0.395150
v 1.816407 0.658704 0.395150
v 1.790219 0.668750 0.395150
v 1.761509 0.676046 0.395150
v 1.730397 0.680495 0.395150
v 1.697000 0.682000 0.395150
v 1.623000 0.598000 0.395150
v 1.686000 0.598000 0.395150
v 1.707626 0.597196 0.395150
v 1.725271 0.594815 0.395150
v 1.739343 0.590906 0.395150
v 1.750244 0.585518 0.395150
v 1.758380 0.578700 0.395150
v 1.764156 0.570499 0.395150
v 1.767976 0.560966 0.395150
v 1.770244 0.550147 0.395150
v 1.771367 0.538093 0.395150
v 1.771748 0.524851 0.395150
v 1.771792 0.510471 0.395150
v 1.771904 0.495000 0.395150
v 1.772429 0.480842 0.395150
v 1.773179 0.466986 0.395150
v 1.773669 0.453609 0.395150
v 1.773410 0.440889 0.395150
v 1.771917 0.429002 0.395150
v 1.768702 0.418125 0.395150
v 1.763279 0.408436 0.395150
v 1.755160 0.400111 0.395150
v 1.743860 0.393328 0.395150
v 1.728891 0.388264 0.395150
v 1.709767 0.385095 0.395150
v 1.686000 0.384000 0.395150
v 1.702386 0.494865 0.395150
v 2.522000 0.341000 0.395150
v 2.520192 0.392001 0.395150
v 2.514870 0.439843 0.395150
v 2.506187 0.484281 0.395150
v 2.494296 0.525074 0.395150
v 2.479350 0.561978 0.395150
v 2.461500 0.594750 0.395150
v 2.440901 0.623147 0.395150
v 2.417704 0.646926 0.395150
v 2.392063 0.665844 0.395150
v 2.364130 0.679658 0.395150
v 2.334058 0.688124 0.395150
v 2.302000 0.691000 0.395150
v 2.269942 0.688124 0.395150
v 2.239871 0.679657 0.395150
v 2.211938 0.665844 0.395150
v 2.186296 0.646926 0.395150
v 2.163100 0.623147 0.395150
v 2.142500 0.594750 0.395150
v 2.124651 0.561978 0.395150
v 2.109704 0.525074 0.395150
v 2.097813 0.484281 0.395150
v 2.089130 0.439843 0.395150
v 2.083808 0.392001 0.395150
v 2.082000 0.341000 0.395150
v 2.083808 0.289999 0.395150
v 2.089130 0.242157 0.395150
v 2.097813 0.197719 0.395150
v 2.109704 0.156926 0.395150
v 2.124650 0.120022 0.395150
v 2.142500 0.087250 0.395150
v 2.163100 0.058853 0.395150
v 2.186296 0.035074 0.395150
v 2.211937 0.016156 0.395150
v 2.239870 0.002343 0.395150
v 2.269942 -0.006124 0.395150
v 2.302000 -0.009000 0.395150
v 2.334058 -0.006124 0.395150
v 2.364130 0.002343 0.395150
v 2.392062 0.016156 0.395150
v 2.417704 0.035074 0.395150
v 2.440900 0.058853 0.395150
v 2.461500 0.087250 0.395150
v 2.479349 0.120022 0.395150
v 2.494296 0.156926 0.395150
v 2.506187 0.197719 0.395150
v 2.514870 0.242157 0.395150
v 2.520192 0.289999 0.395150
v 2.424000 0.341000 0.395150
v 2.423051 0.302332 0.395150
v 2.420241 0.266407 0.395150
v 2.415625 0.233344 0.395150
v 2.409259 0.203259 0.395150
v 2.401199 0.176272 0.395150
v 2.391500 0.152500 0.395150
v 2.380217 0.132061 0.395150
v 2.367407 0.115074 0.395150
v 2.353125 0.101656 0.395150
v 2.337425 0.091926 0.395150
v 2.320365 0.086001 0.395150
v 2.302000 0.084000 0.395150
v 2.283634 0.086001 0.395150
v 2.266574 0.091926 0.395150
v 2.250875 0.101656 0.395150
v 2.236593 0.115074 0.395150
v 2.223782 0.132061 0.395150
v 2.212500 0.152500 0.395150
v 2.202801 0.176272 0.395150
v 2.194741 0.203259 0.395150
v 2.188375 0.233344 0.395150
v 2.183759 0.266407 0.395150
v 2.180949 0.302332 0.395150
v 2.180000 0.341000 0.395150
v 2.180949 0.379668 0.395150
v 2.183759 0.415593 0.395150
v 2.188375 0.448656 0.395150
v 2.194741 0.478741 0.395150
v 2.202801 0.505728 0.395150
v 2.212500 0.529500 0.395150
v 2.223783 0.549939 0.395150
v 2.236593 0.566926 0.395150
v 2.250875 0.580344 0.395150
v 2.266575 0.590074 0.395150
v 2.283635 0.595999 0.395150
v 2.302000 0.598000 0.395150
v 2.320366 0.595999 0.395150
v 2.337426 0.590074 0.395150
v 2.353125 0.580344 0.395150
v 2.367408 0.566926 0.395150
v 2.380218 0.549939 0.395150
v 2.391500 0.529500 0.395150
v 2.401199 0.505728 0.395150
v 2.409260 0.478741 0.395150
v 2.415625 0.448656 0.395150
v 2.420241 0.415593 0.395150
v 2.423051 0.379668 0.395150
v 2.739000 -0.009000 0.395150
v 2.778003 0.017310 0.395150
v 2.814852 0.046977 0.395150
v 2.849313 0.079609 0.395150
v 2.881148 0.114815 0.395150
v 2.910123 0.152201 0.395150
v 2.936000 0.191375 0.395150
v 2.958544 0.231945 0.395150
v 2.977518 0.273519 0.395150
v 2.992687 0.315703 0.395150
v 3.003814 0.358106 0.395150
v 3.010664 0.400336 0.395150
v 3.013000 0.442000 0.395150
v 3.011137 0.476939 0.395150
v 3.005676 0.510097 0.395150
v 2.996812 0.541234 0.395150
v 2.984740 0.570111 0.395150
v 2.969655 0.596488 0.395150
v 2.951750 0.620125 0.395150
v 2.931220 0.640783 0.395150
v 2.908259 0.658222 0.395150
v 2.883062 0.672203 0.395150
v 2.855824 0.682486 0.395150
v 2.826738 0.688832 0.395150
v 2.796000 0.691000 0.395150
v 2.765439 0.688954 0.395150
v 2.736843 0.683051 0.395150
v 2.710344 0.673641 0.395150
v 2.686074 0.661074 0.395150
v 2.664166 0.645702 0.395150
v 2.644750 0.627875 0.395150
v 2.627960 0.607944 0.395150
v 2.613926 0.586259 0.395150
v 2.602782 0.563172 0.395150
v 2.594658 0.539032 0.395150
v 2.589687 0.514192 0.395150
v 2.588000 0.489000 0.395150
v 2.589735 0.461767 0.395150
v 2.594796 0.435718 0.395150
v 2.602969 0.411078 0.395150
v 2.614037 0.388074 0.395150
v 2.627786 0.366931 0.395150
v 2.644000 0.347875 0.395150
v 2.662464 0.331131 0.395150
v 2.682963 0.316926 0.395150
v 2.705281 0.305484 0.395150
v 2.729204 0.297032 0.395150
v 2.754515 0.291796 0.395150
v 2.781000 0.290000 0.395150
v 2.790075 0.290227 0.395150
v 2.799268 0.290898 0.395150
v 2.808531 0.292000 0.395150
v 2.817815 0.293519 0.395150
v 2.827071 0.295440 0.395150
v 2.836250 0.297750 0.395150
v 2.845304 0.300435 0.395150
v 2.854185 0.303481 0.395150
v 2.862844 0.306875 0.395150
v 2.871232 0.310602 0.395150
v 2.879300 0.314648 0.395150
v 2.887000 0.319000 0.395150
v 2.881112 0.297329 0.395150
v 2.872982 0.275384 0.395150
v 2.862656 0.253266 0.395150
v 2.850185 0.231074 0.395150
v 2.835617 0.208910 0.395150
v 2.819000 0.186875 0.395150
v 2.800383 0.165069 0.395150
v 2.779815 0.143593 0.395150
v 2.757344 0.122547 0.395150
v 2.733019 0.102032 0.395150
v 2.706888 0.082150 0.395150
v 2.679000 0.063000 0.395150
v 2.686000 0.490000 0.395150
v 2.686963 0.505359 0.395150
v 2.689783 0.519875 0.395150
v 2.694360 0.533453 0.395150
v 2.700593 0.546000 0.395150
v 2.708381 0.557422 0.395150
v 2.717625 0.567625 0.395150
v 2.728223 0.576516 0.395150
v 2.740074 0.584000 0.395150
v 2.753078 0.589984 0.395150
v 2.767134 0.594375 0.395150
v 2.782142 0.597078 0.395150
v 2.798000 0.598000 0.395150
v 2.813478 0.596840 0.395150
v 2.828320 0.593472 0.395150
v 2.842391 0.588063 0.395150
v 2.855556 0.580778 0.395150
v 2.867679 0.571785 0.395150
v 2.878625 0.561250 0.395150
v 2.888259 0.549340 0.395150
v 2.896445 0.536222 0.395150
v 2.903048 0.522062 0.395150
v 2.907931 0.507028 0.395150
v 2.910961 0.491285 0.395150
v 2.912000 0.475000 0.395150
v 2.911997 0.470805 0.395150
v 2.911977 0.466690 0.395150
v 2.911922 0.462609 0.395150
v 2.911815 0.458519 0.395150
v 2.911638 0.454372 0.395150
v 2.911375 0.450125 0.395150
v 2.911008 0.445732 0.395150
v 2.910519 0.441148 0.395150
v 2.909891 0.436328 0.395150
v 2.909107 0.431227 0.395150
v 2.908149 0.425799 0.395150
v 2.907000 0.420000 0.395150
v 2.897715 0.413810 0.395150
v 2.888389 0.408231 0.395150
v 2.879062 0.403250 0.395150
v 2.869778 0.398852 0.395150
v 2.860576 0.395023 0.395150
v 2.851500 0.391750 0.395150
v 2.842590 0.389019 0.395150
v 2.833889 0.386815 0.395150
v 2.825438 0.385125 0.395150
v 2.817278 0.383935 0.395150
v 2.809452 0.383231 0.395150
v 2.802000 0.383000 0.395150
v 2.786273 0.383979 0.395150
v 2.771185 0.386829 0.395150
v 2.756875 0.391422 0.395150
v 2.743482 0.397630 0.395150
v 2.731144 0.405323 0.395150
v 2.720001 0.414375 0.395150
v 2.710190 0.424656 0.395150
v 2.701852 0.436037 0.395150
v 2.695126 0.448391 0.395150
v 2.690149 0.461588 0.395150
v 2.687061 0.475501 0.395150
v 3.369000 0.691000 0.395150
v 3.326446 0.660466 0.395150
v 3.287320 0.627977 0.395150
v 3.251672 0.593703 0.395150
v 3.219556 0.557815 0.395150
v 3.191023 0.520482 0.395150
v 3.166125 0.481875 0.395150
v 3.144915 0.442164 0.395150
v 3.127444 0.401518 0.395150
v 3.113765 0.360109 0.395150
v 3.103930 0.318106 0.395150
v 3.097991 0.275680 0.395150
v 3.096000 0.233000 0.395150
v 3.097827 0.197988 0.395150
v 3.103199 0.165074 0.395150
v 3.111953 0.134437 0.395150
v 3.123926 0.106259 0.395150
v 3.138954 0.080720 0.395150
v 3.156875 0.058000 0.395150
v 3.177525 0.038280 0.395150
v 3.200741 0.021741 0.395150
v 3.226359 0.008563 0.395150
v 3.254217 -0.001074 0.395150
v 3.284152 -0.006988 0.395150
v 3.316000 -0.009000 0.395150
v 3.342852 -0.007106 0.395150
v 3.368736 -0.001597 0.395150
v 3.393391 0.007266 0.395150
v 3.416556 0.019222 0.395150
v 3.437971 0.034012 0.395150
v 3.457375 0.051375 0.395150
v 3.474509 0.071050 0.395150
v 3.489111 0.092778 0.395150
v 3.500922 0.116297 0.395150
v 3.509681 0.141347 0.395150
v 3.515127 0.167668 0.395150
v 3.517000 0.195000 0.395150
v 3.515324 0.222653 0.395150
v 3.510422 0.248977 0.395150
v 3.502485 0.273766 0.395150
v 3.491704 0.296815 0.395150
v 3.478270 0.317920 0.395150
v 3.462375 0.336875 0.395150
v 3.444209 0.353476 0.395150
v 3.423963 0.367518 0.395150
v 3.401828 0.378797 0.395150
v 3.377995 0.387106 0.395150
v 3.352656 0.392242 0.395150
v 3.326000 0.394000 0.395150
v 3.314957 0.393716 0.395150
v 3.304324 0.392898 0.395150
v 3.294094 0.391594 0.395150
v 3.284259 0.389852 0.395150
v 3.274814 0.387721 0.395150
v 3.265750 0.385250 0.395150
v 3.257061 0.382487 0.395150
v 3.248741 0.379482 0.395150
v 3.240781 0.376281 0.395150
v 3.233176 0.372935 0.395150
v 3.225918 0.369492 0.395150
v 3.219000 0.366000 0.395150
v 3.227161 0.389806 0.395150
v 3.237537 0.413616 0.395150
v 3.249969 0.437266 0.395150
v 3.264296 0.460593 0.395150
v 3.280360 0.483433 0.395150
v 3.298000 0.505625 0.395150
v 3.317057 0.527004 0.395150
v 3.337371 0.547407 0.395150
v 3.358782 0.566672 0.395150
v 3.381130 0.584634 0.395150
v 3.404256 0.601131 0.395150
v 3.428000 0.616000 0.395150
v 3.198000 0.265000 0.395150
v 3.208356 0.271590 0.395150
v 3.218014 0.277389 0.395150
v 3.227109 0.282437 0.395150
v 3.235778 0.286778 0.395150
v 3.244155 0.290451 0.395150
v 3.252375 0.293500 0.395150
v 3.260575 0.295965 0.395150
v 3.268889 0.297889 0.395150
v 3.277453 0.299313 0.395150
v 3.286403 0.300278 0.395150
v 3.295873 0.300826 0.395150
v 3.306000 0.301000 0.395150
v 3.321878 0.300080 0.395150
v 3.336940 0.297389 0.395150
v 3.351078 0.293031 0.395150
v 3.364185 0.287111 0.395150
v 3.376153 0.279733 0.395150
v 3.386875 0.271000 0.395150
v 3.396242 0.261017 0.395150
v 3.404148 0.249889 0.395150
v 3.410484 0.237719 0.395150
v 3.415143 0.224611 0.395150
v 3.418018 0.210670 0.395150
v 3.419000 0.196000 0.395150
v 3.418097 0.179722 0.395150
v 3.415440 0.164440 0.395150
v 3.411109 0.150234 0.395150
v 3.405185 0.137185 0.395150
v 3.397747 0.125372 0.395150
v 3.388875 0.114875 0.395150
v 3.378649 0.105774 0.395150
v 3.367148 0.098148 0.395150
v 3.354453 0.092078 0.395150
v 3.340643 0.087644 0.395150
v 3.325799 0.084924 0.395150
v 3.310000 0.084000 0.395150
v 3.292385 0.085422 0.395150
v 3.275245 0.089630 0.395150
v 3.258891 0.096531 0.395150
v 3.243630 0.106037 0.395150
v 3.229771 0.118057 0.395150
v 3.217625 0.132500 0.395150
v 3.207499 0.149277 0.395150
v 3.199703 0.168296 0.395150
v 3.194547 0.189469 0.395150
v 3.192338 0.212704 0.395150
v 3.193386 0.237911 0.395150
vn -0.0000 -0.0000 -1.0000
vn -0.0000 -0.0000 1.0000
vn 0.0001 -0.0000 1.0000
vn 0.0002 -0.0000 1.0000
vn -0.0006 -0.0000 1.0000
vn 0.0225 0.9997 -0.0000
vn -0.0000 1.0000 -0.0000
vn 0.8130 -0.5823 -0.0000
vn 0.8549 -0.5188 -0.0000
vn -0.1484 -0.9889 -0.0000
vn -0.2908 -0.9568 -0.0000
vn 0.4246 0.9054 -0.0000
vn 0.3603 0.9328 -0.0000
vn 0.7125 0.7017 -0.0000
vn 0.8132 0.5820 -0.0000
vn -0.7798 0.6260 -0.0000
vn -0.7417 0.6708 -0.0000
vn 0.8456 0.5339 -0.0000
vn 0.7647 0.6444 -0.0000
vn 0.0934 0.9956 -0.0000
vn -0.8070 0.5906 -0.0000
vn -0.7161 0.6980 -0.0000
vn 0.5457 0.8380 -0.0000
vn -0.7032 0.7110 -0.0000
vn 0.8970 0.4419 -0.0000
vn 0.8343 0.5513 -0.0000
vn 0.2196 -0.9756 -0.0000
vn -0.0000 -1.0000 -0.0000
vn 0.1942 0.9810 -0.0000
vn -0.2196 -0.9756 -0.0000
vn 0.6532 0.7572 -0.0000
vn 0.5938 0.8046 -0.0000
vn 0.3588 -0.9334 -0.0000
vn 0.2382 -0.9712 -0.0000
vn 0.3028 0.9531 -0.0000
vn 0.7666 -0.6421 -0.0000
vn -0.4225 -0.9064 -0.0000
vn 0.7442 0.6680 -0.0000
vn 0.8635 -0.5043 -0.0000
vn 0.9207 -0.3902 -0.0000
vn -0.6644 0.7474 -0.0000
vn 0.4301 -0.9028 -0.0000
vn 0.4173 0.9088 -0.0000
vn -0.6103 0.7922 -0.0000
vn -0.4301 -0.9028 -0.0000
vn 0.8180 0.5753 -0.0000
vn -0.6253 0.7804 -0.0000
vn 0.4770 -0.8789 -0.0000
vn 0.0037 -1.0000 -0.0000
vn -0.0484 -0.9988 -0.0000
vn 0.5344 0.8453 -0.0000
vn -0.8930 -0.4501 -0.0000
vn -0.8254 -0.5645 -0.0000
vn -0.5412 -0.8409 -0.0000
vn -0.8456 0.5339 -0.0000
vn -0.9040 0.4275 -0.0000
vn 0.6490 0.7608 -0.0000
vn 0.7152 -0.6989 -0.0000
vn -0.8717 0.4900 -0.0000
vn -0.9260 0.3776 -0.0000
vn 0.8758 0.4827 -0.0000
vn 0.4602 0.8878 -0.0000
vn -0.5860 0.8103 -0.0000
vn 0.9040 0.4275 -0.0000
vn -0.1577 -0.9875 -0.0000
vn 0.7549 0.6558 -0.0000
vn -0.4932 0.8699 -0.0000
vn -0.0186 -0.9998 -0.0000
vn -0.5661 0.8244 -0.0000
vn 0.5897 -0.8076 -0.0000
vn 0.6088 -0.7933 -0.0000
vn -0.2762 -0.9611 -0.0000
vn -0.3694 0.9293 -0.0000
vn -0.6459 -0.7634 -0.0000
vn -0.6088 -0.7933 -0.0000
vn -0.4010 -0.9161 -0.0000
vn 0.8457 0.5336 -0.0000
vn 0.6579 -0.7531 -0.0000
vn 0.3146 0.9492 -0.0000
vn -0.7682 -0.6402 -0.0000
vn 0.6935 -0.7204 -0.0000
vn 0.7443 -0.6679 -0.0000
vn -0.7369 -0.6760 -0.0000
vn -0.7443 -0.6679 -0.0000
vn 0.9196 0.3929 -0.0000
vn 0.7936 -0.6084 -0.0000
vn 0.5592 -0.8290 -0.0000
vn 0.5937 -0.8047 -0.0000
vn -0.5272 -0.8497 -0.0000
vn 0.7924 0.6100 -0.0000
vn -0.2435 0.9699 -0.0000
vn -0.0855 -0.9963 -0.0000
vn -0.5830 0.8125 -0.0000
vn -0.6113 0.7914 -0.0000
vn 0.9439 0.3303 -0.0000
vn 0.8391 -0.5441 -0.0000
vn -0.6484 -0.7613 -0.0000
vn -0.8391 -0.5440 -0.0000
vn -0.2011 -0.9796 -0.0000
vn 0.1600 0.9871 -0.0000
vn 0.7860 0.6183 -0.0000
vn 0.7855 -0.6189 -0.0000
vn -0.1195 0.9928 -0.0000
vn -0.6664 0.7456 -0.0000
vn -0.9661 0.2581 -0.0000
vn -0.9447 0.3280 -0.0000
vn 0.9517 0.3070 -0.0000
vn -0.3569 -0.9341 -0.0000
vn -0.7575 -0.6528 -0.0000
vn -0.7196 0.6944 -0.0000
vn -0.8145 -0.5802 -0.0000
vn 0.0111 0.9999 -0.0000
vn 0.9447 0.3280 -0.0000
vn 0.9164 0.4002 -0.0000
vn 0.9743 0.2252 -0.0000
vn -0.5466 -0.8374 -0.0000
vn 0.5560 -0.8312 -0.0000
vn 0.5307 -0.8475 -0.0000
vn 0.8629 -0.5053 -0.0000
vn 0.9022 -0.4313 -0.0000
vn -0.8487 -0.5288 -0.0000
vn -0.8790 -0.4769 -0.0000
vn -0.9022 -0.4313 -0.0000
vn -0.7361 -0.6768 -0.0000
vn -0.7397 -0.6729 -0.0000
vn 0.6039 -0.7971 -0.0000
vn -0.9184 -0.3957 -0.0000
vn -0.7704 0.6375 -0.0000
vn -0.8789 -0.4771 -0.0000
vn 0.9237 -0.3831 -0.0000
vn 0.9432 -0.3324 -0.0000
vn 0.7119 -0.7023 -0.0000
vn -0.9432 -0.3324 -0.0000
vn 0.9891 0.1474 -0.0000
vn -0.6371 -0.7708 -0.0000
vn 0.6479 -0.7617 -0.0000
vn 0.9758 0.2185 -0.0000
vn -0.9656 -0.2600 -0.0000
vn 0.9649 0.2627 -0.0000
vn -0.9913 0.1318 -0.0000
vn -0.9717 0.2361 -0.0000
vn -0.9571 -0.2897 -0.0000
vn 0.6890 -0.7247 -0.0000
vn 0.6188 -0.7856 -0.0000
vn -0.8181 0.5751 -0.0000
vn -0.9304 -0.3665 -0.0000
vn 0.9974 0.0727 -0.0000
vn -0.9888 -0.1492 -0.0000
vn -0.5202 -0.8541 -0.0000
vn 0.9717 0.2361 -0.0000
vn -0.9919 -0.1272 -0.0000
vn -0.9982 -0.0608 -0.0000
vn 0.7279 -0.6857 -0.0000
vn 0.9668 -0.2556 -0.0000
vn 0.9691 -0.2468 -0.0000
vn 0.5145 -0.8575 -0.0000
vn -0.9684 -0.2494 -0.0000
vn -0.9691 -0.2468 -0.0000
vn 0.9999 -0.0127 -0.0000
vn -0.3932 -0.9195 -0.0000
vn 0.7650 -0.6441 -0.0000
vn -1.0000 -0.0034 -0.0000
vn 0.9918 0.1279 -0.0000
vn -0.8620 0.5070 -0.0000
vn -0.9885 0.1513 -0.0000
vn -0.9999 -0.0159 -0.0000
vn 0.9919 -0.1269 -0.0000
vn 0.3993 -0.9168 -0.0000
vn -1.0000 0.0016 -0.0000
vn 0.9922 -0.1248 -0.0000
vn -1.0000 -0.0051 -0.0000
vn -0.2610 -0.9653 -0.0000
vn 0.8007 -0.5990 -0.0000
vn 0.9885 0.1513 -0.0000
vn -0.9935 0.1136 -0.0000
vn 0.8354 -0.5496 -0.0000
vn 0.9941 0.1080 -0.0000
vn 0.9850 -0.1727 -0.0000
vn -0.9724 0.2333 -0.0000
vn 1.0000 0.0091 -0.0000
vn 0.2739 -0.9618 -0.0000
vn -0.9012 0.4334 -0.0000
vn -0.9920 -0.1266 -0.0000
vn -0.9850 -0.1727 -0.0000
vn -0.9998 -0.0221 -0.0000
vn -0.1287 -0.9917 -0.0000
vn 0.9676 -0.2524 -0.0000
vn -0.9990 -0.0456 -0.0000
vn 0.8691 -0.4946 -0.0000
vn 1.0000 0.0052 -0.0000
vn 0.9941 -0.1082 -0.0000
vn -0.9340 0.3571 -0.0000
vn 0.1396 -0.9902 -0.0000
vn -0.9350 0.3546 -0.0000
vn -0.9995 -0.0315 -0.0000
vn -0.9941 -0.1082 -0.0000
vn -0.8766 0.4812 -0.0000
vn 0.9893 -0.1462 -0.0000
vn -0.9973 0.0730 -0.0000
vn 0.0168 0.9999 -0.0000
vn -0.0312 0.9995 -0.0000
vn 0.9015 -0.4327 -0.0000
vn 0.9894 0.1452 -0.0000
vn 0.9960 -0.0898 -0.0000
vn -0.9918 -0.1274 -0.0000
vn 0.9250 -0.3799 -0.0000
vn -0.9990 -0.0453 -0.0000
vn 0.1003 0.9950 -0.0000
vn 0.9321 -0.3622 -0.0000
vn 0.9973 0.0730 -0.0000
vn -1.0000 -0.0000 -0.0000
vn -0.0647 0.9979 -0.0000
vn -0.9626 0.2711 -0.0000
vn 1.0000 -0.0014 -0.0000
vn 0.9987 -0.0513 -0.0000
vn 0.5263 0.8503 -0.0000
vn 0.5428 0.8399 -0.0000
vn 0.9830 -0.1836 -0.0000
vn -0.1006 0.9949 -0.0000
vn 0.0201 0.9998 -0.0000
vn -0.0512 0.9987 -0.0000
vn -0.9987 -0.0513 -0.0000
vn -0.7997 0.6004 -0.0000
vn -1.0000 -0.0081 -0.0000
vn 0.9584 0.2855 -0.0000
vn 0.1325 0.9912 -0.0000
vn -1.0000 0.0028 -0.0000
vn -0.9974 0.0726 -0.0000
vn 0.2069 0.9784 -0.0000
vn -0.1016 0.9948 -0.0000
vn 0.4916 0.8708 -0.0000
vn -0.1385 0.9904 -0.0000
vn -1.0000 0.0092 -0.0000
vn -0.7048 0.7094 -0.0000
vn -0.1505 0.9886 -0.0000
vn 1.0000 -0.0000 -0.0000
vn 0.9599 -0.2804 -0.0000
vn -0.1779 0.9840 -0.0000
vn -0.9998 0.0198 -0.0000
vn -0.9788 0.2047 -0.0000
vn 0.4539 0.8911 -0.0000
vn -0.2182 0.9759 -0.0000
vn 0.2645 0.9644 -0.0000
vn -0.9994 0.0343 -0.0000
vn -0.1973 0.9803 -0.0000
vn 0.8642 -0.5032 -0.0000
vn 0.9258 -0.3780 -0.0000
vn -0.9674 -0.2533 -0.0000
vn -0.9973 -0.0730 -0.0000
vn -0.5954 0.8034 -0.0000
vn -0.9215 0.3883 -0.0000
vn 0.3194 0.9476 -0.0000
vn -0.2416 0.9704 -0.0000
vn -0.2586 0.9660 -0.0000
vn 0.9091 0.4165 -0.0000
vn 0.9987 0.0513 -0.0000
vn 0.4132 0.9106 -0.0000
vn 0.8806 -0.4739 -0.0000
vn -0.2983 0.9545 -0.0000
vn 0.9460 -0.3243 -0.0000
vn -0.9986 0.0522 -0.0000
vn -0.9987 0.0513 -0.0000
vn -0.8012 0.5984 -0.0000
vn -0.2831 0.9591 -0.0000
vn 0.3696 0.9292 -0.0000
vn -0.3367 0.9416 -0.0000
vn -0.4763 0.8793 -0.0000
vn -0.6204 0.7843 -0.0000
vn 0.9973 -0.0730 -0.0000
vn 0.3925 0.9197 -0.0000
vn -0.9955 0.0947 -0.0000
vn 0.4355 0.9002 -0.0000
vn -0.3215 0.9469 -0.0000
vn 0.9941 0.1082 -0.0000
vn 0.3230 0.9464 -0.0000
vn 0.8247 -0.5655 -0.0000
vn -0.3731 0.9278 -0.0000
vn -0.9941 0.1082 -0.0000
vn -0.3530 0.9356 -0.0000
vn -0.4200 0.9075 -0.0000
vn -0.3565 0.9343 -0.0000
vn 0.8443 0.5358 -0.0000
vn -0.4070 0.9134 -0.0000
vn -0.9931 0.1177 -0.0000
vn -0.9885 -0.1513 -0.0000
vn -0.2428 0.9701 -0.0000
vn -0.3879 0.9217 -0.0000
vn 0.2737 0.9618 -0.0000
vn 0.5518 0.8340 -0.0000
vn 0.9885 -0.1513 -0.0000
vn 0.2220 0.9750 -0.0000
vn 0.7596 -0.6504 -0.0000
vn -0.4232 0.9060 -0.0000
vn 0.5131 0.8583 -0.0000
vn -0.9901 0.1406 -0.0000
vn -0.2302 0.9731 -0.0000
vn -0.1049 0.9945 -0.0000
vn -0.4157 0.9095 -0.0000
vn 0.9850 0.1727 -0.0000
vn -0.9866 0.1629 -0.0000
vn -0.9850 0.1727 -0.0000
vn -0.0460 0.9989 -0.0000
vn 0.3990 -0.9169 -0.0000
vn 0.3889 -0.9213 -0.0000
vn -0.4397 0.8982 -0.0000
vn 0.7861 -0.6181 -0.0000
vn -0.9717 -0.2361 -0.0000
vn 0.3668 -0.9303 -0.0000
vn -0.4506 0.8927 -0.0000
vn 0.7667 0.6420 -0.0000
vn 0.1683 0.9857 -0.0000
vn -0.9270 -0.3750 -0.0000
vn -0.1120 0.9937 -0.0000
vn 0.6872 -0.7265 -0.0000
vn 0.3412 -0.9400 -0.0000
vn 0.9717 -0.2361 -0.0000
vn 0.6237 0.7817 -0.0000
vn -0.9829 0.1841 -0.0000
vn -0.9691 0.2468 -0.0000
vn 0.6098 -0.7926 -0.0000
vn 0.3117 -0.9502 -0.0000
vn 0.1130 0.9936 -0.0000
vn -0.9830 0.1835 -0.0000
vn -0.9809 0.1943 -0.0000
vn 0.5297 -0.8482 -0.0000
vn 0.9691 0.2468 -0.0000
vn 0.0567 0.9984 -0.0000
vn 0.2787 -0.9604 -0.0000
vn -0.9432 0.3324 -0.0000
vn -0.0130 0.9999 -0.0000
vn 0.4492 -0.8935 -0.0000
vn 0.7220 0.6919 -0.0000
vn 0.6783 0.7348 -0.0000
vn 0.2422 -0.9702 -0.0000
vn -0.5547 0.8321 -0.0000
vn -0.5342 0.8454 -0.0000
vn 0.4086 -0.9127 -0.0000
vn 0.8067 0.5910 -0.0000
vn 0.9432 0.3324 -0.0000
vn -0.9957 0.0927 -0.0000
vn -0.9447 -0.3280 -0.0000
vn 0.6079 0.7940 -0.0000
vn 0.5805 0.8143 -0.0000
vn 0.6635 0.7482 -0.0000
vn 0.5809 0.8139 -0.0000
vn 0.2030 -0.9792 -0.0000
vn -0.4924 0.8704 -0.0000
vn 0.6929 -0.7211 -0.0000
vn 0.6591 0.7520 -0.0000
vn 0.1357 -0.9908 -0.0000
vn 0.0826 -0.9966 -0.0000
vn 0.9447 -0.3280 -0.0000
vn -0.0160 -0.9999 -0.0000
vn 0.1619 -0.9868 -0.0000
vn -0.8715 -0.4904 -0.0000
vn -0.9022 0.4313 -0.0000
vn 0.5875 -0.8092 -0.0000
vn -0.0747 -0.9972 -0.0000
vn 0.0375 -0.9993 -0.0000
vn -0.4497 0.8932 -0.0000
vn 0.4736 -0.8807 -0.0000
vn 0.7652 0.6438 -0.0000
vn 0.9022 0.4313 -0.0000
vn -0.4410 -0.8975 -0.0000
vn -0.4270 -0.9042 -0.0000
vn 0.1199 -0.9928 -0.0000
vn -0.0204 -0.9998 -0.0000
vn -0.9040 -0.4275 -0.0000
vn 0.7038 0.7104 -0.0000
vn 0.4757 0.8796 -0.0000
vn -0.3981 -0.9174 -0.0000
vn 0.0782 -0.9969 -0.0000
vn -0.4063 0.9138 -0.0000
vn 0.9397 0.3419 -0.0000
vn 0.8765 0.4813 -0.0000
vn 0.9040 -0.4275 -0.0000
vn -0.3673 -0.9301 -0.0000
vn -0.1728 -0.9850 -0.0000
vn 0.0381 -0.9993 -0.0000
vn -0.1171 -0.9931 -0.0000
vn -0.8391 0.5441 -0.0000
vn 0.9783 -0.2072 -0.0000
vn -0.2895 -0.9572 -0.0000
vn -0.2357 -0.9718 -0.0000
vn -0.3618 0.9323 -0.0000
vn 0.3547 -0.9350 -0.0000
vn 0.8517 0.5240 -0.0000
vn 0.8391 0.5440 -0.0000
vn -0.3346 -0.9424 -0.0000
vn -0.4100 -0.9121 -0.0000
vn -0.0138 -0.9999 -0.0000
vn -0.7443 0.6679 -0.0000
vn 0.1948 -0.9808 -0.0000
vn 0.3638 0.9315 -0.0000
vn -0.3000 -0.9539 -0.0000
vn -0.0953 -0.9954 -0.0000
vn -0.3163 0.9487 -0.0000
vn 0.7417 0.6707 -0.0000
vn 0.2568 -0.9665 -0.0000
vn 0.7443 0.6679 -0.0000
vn -0.5199 -0.8542 -0.0000
vn -0.3538 -0.9353 -0.0000
vn -0.2694 0.9630 -0.0000
vn -0.8456 -0.5339 -0.0000
vn 0.2344 -0.9721 -0.0000
vn 0.9191 0.3940 -0.0000
vn -0.2633 -0.9647 -0.0000
vn -0.6110 -0.7917 -0.0000
vn -0.1976 -0.9803 -0.0000
vn 0.9310 0.3650 -0.0000
vn 0.2461 0.9692 -0.0000
vn 0.8456 -0.5339 -0.0000
vn -0.2245 -0.9745 -0.0000
vn -0.3072 -0.9517 -0.0000
vn -0.2209 0.9753 -0.0000
vn -0.6088 0.7933 -0.0000
vn 0.7729 0.6345 -0.0000
vn -0.8968 0.4425 -0.0000
vn 0.3180 -0.9481 -0.0000
vn -0.1836 -0.9830 -0.0000
vn -0.6817 -0.7316 -0.0000
vn -0.4220 -0.9066 -0.0000
vn -0.8016 -0.5978 -0.0000
vn 0.3748 -0.9271 -0.0000
vn 0.6088 0.7933 -0.0000
vn -0.4692 -0.8831 -0.0000
vn -0.4301 0.9028 -0.0000
vn 0.1155 -0.9933 -0.0000
vn 0.7978 0.6030 -0.0000
vn 0.9657 0.2598 -0.0000
vn 0.1241 0.9923 -0.0000
vn -0.1406 -0.9901 -0.0000
vn -0.7348 -0.6783 -0.0000
vn -0.5388 -0.8425 -0.0000
vn -0.1702 0.9854 -0.0000
vn 0.7782 0.6281 -0.0000
vn 0.4248 -0.9053 -0.0000
vn 0.4301 0.9028 -0.0000
vn -0.0956 -0.9954 -0.0000
vn -0.6526 -0.7577 -0.0000
vn -0.7768 0.6298 -0.0000
vn -0.5794 -0.8150 -0.0000
vn -0.1170 0.9931 -0.0000
vn -0.2196 0.9756 -0.0000
vn 0.8171 0.5766 -0.0000
vn -0.7740 -0.6332 -0.0000
vn -0.7573 -0.6530 -0.0000
vn 0.9171 0.3986 -0.0000
vn 0.8631 0.5050 -0.0000
vn 0.0161 -0.9999 -0.0000
vn 0.4666 -0.8845 -0.0000
vn 0.0155 0.9999 -0.0000
vn 0.2196 0.9756 -0.0000
vn -0.0486 -0.9988 -0.0000
vn 0.9632 0.2686 -0.0000
vn -0.0603 0.9982 -0.0000
vn -0.7647 -0.6444 -0.0000
vn 0.8315 0.5556 -0.0000
vn 0.9919 0.1272 -0.0000
vn 0.5001 -0.8660 -0.0000
vn -0.8030 -0.5960 -0.0000
vn -0.8470 -0.5315 -0.0000
vn -0.6819 -0.7315 -0.0000
vn 0.7647 -0.6444 -0.0000
vn -0.9170 -0.3989 -0.0000
vn 0.8417 0.5400 -0.0000
vn 0.5259 -0.8506 -0.0000
vn -0.7182 -0.6959 -0.0000
vn -0.8246 -0.5658 -0.0000
vn 0.9735 0.2287 -0.0000
vn -1.0000 -0.0028 -0.0000
vn 0.9999 0.0166 -0.0000
vn -0.9650 -0.2622 -0.0000
vn 0.9654 0.2608 -0.0000
vn 0.9551 -0.2964 -0.0000
vn 0.8483 0.5296 -0.0000
vn -0.7826 -0.6225 -0.0000
vn 0.9697 0.2445 -0.0000
vn -0.6220 -0.7830 -0.0000
vn -0.6569 -0.7540 -0.0000
vn -0.9918 -0.1279 -0.0000
vn 0.8518 0.5239 -0.0000
vn 0.5369 -0.8437 -0.0000
vn -0.5140 -0.8578 -0.0000
vn -0.8337 -0.5522 -0.0000
vn 0.7826 -0.6225 -0.0000
vn 0.6569 -0.7540 -0.0000
vn 0.9981 -0.0615 -0.0000
vn -0.9668 0.2555 -0.0000
vn -0.5205 -0.8539 -0.0000
vn -1.0000 0.0003 -0.0000
vn 0.8518 0.5238 -0.0000
vn 0.9945 -0.1049 -0.0000
vn 0.9858 -0.1679 -0.0000
vn -0.9697 0.2441 -0.0000
vn -0.9914 0.1308 -0.0000
vn 0.9836 0.1801 -0.0000
vn -0.8531 -0.5217 -0.0000
vn 0.4703 -0.8825 -0.0000
vn 0.4920 -0.8706 -0.0000
vn 0.5205 -0.8539 -0.0000
vn -0.9650 0.2622 -0.0000
vn -0.9523 0.3051 -0.0000
vn -0.3587 -0.9335 -0.0000
vn 0.9924 0.1234 -0.0000
vn -0.9168 -0.3993 -0.0000
vn 0.9912 -0.1324 -0.0000
vn -0.3956 -0.9184 -0.0000
vn -0.9622 0.2724 -0.0000
vn 0.3587 -0.9335 -0.0000
vn 0.8429 0.5381 -0.0000
vn 0.9981 0.0623 -0.0000
vn 0.9925 0.1220 -0.0000
vn -0.1810 -0.9835 -0.0000
vn 0.9262 -0.3771 -0.0000
vn 0.8370 0.5472 -0.0000
vn 0.9769 -0.2137 -0.0000
vn 0.9996 0.0266 -0.0000
vn -0.9075 0.4200 -0.0000
vn -0.9283 -0.3718 -0.0000
vn -0.9631 -0.2691 -0.0000
vn 0.4273 -0.9041 -0.0000
vn 0.1810 -0.9835 -0.0000
vn 0.8310 0.5563 -0.0000
vn -0.0202 -0.9998 -0.0000
vn -0.9943 -0.1068 -0.0000
vn 0.3856 -0.9227 -0.0000
vn 0.8253 0.5647 -0.0000
vn 0.9527 -0.3039 -0.0000
vn 0.9993 -0.0364 -0.0000
vn 0.0018 1.0000 -0.0000
vn -0.1348 0.9909 -0.0000
vn -0.8262 0.5634 -0.0000
vn -0.9909 -0.1347 -0.0000
vn 0.3448 -0.9387 -0.0000
vn 0.8202 0.5720 -0.0000
vn 0.9987 -0.0518 -0.0000
vn -0.2685 -0.9633 -0.0000
vn 0.1421 0.9898 -0.0000
vn -0.2690 0.9631 -0.0000
vn 0.8161 0.5778 -0.0000
vn 0.9167 -0.3997 -0.0000
vn 1.0000 -0.0039 -0.0000
vn -0.7222 0.6917 -0.0000
vn 0.3045 -0.9525 -0.0000
vn 0.9861 0.1661 -0.0000
vn 0.2839 0.9588 -0.0000
vn -1.0000 -0.0057 -0.0000
vn 0.2642 -0.9645 -0.0000
vn -0.3982 0.9173 -0.0000
vn 0.8112 0.5847 -0.0000
vn 0.8682 -0.4963 -0.0000
vn -0.6041 0.7969 -0.0000
vn -0.9759 -0.2183 -0.0000
vn 0.2237 -0.9747 -0.0000
vn 0.8103 0.5861 -0.0000
vn 0.9957 0.0932 -0.0000
vn -0.9227 0.3855 -0.0000
vn 0.4203 0.9074 -0.0000
vn -0.4820 0.8762 -0.0000
vn -0.9196 0.3928 -0.0000
vn -0.9935 0.1135 -0.0000
vn -0.5183 0.8552 -0.0000
vn 0.8101 0.5864 -0.0000
vn -0.1354 -0.9908 -0.0000
vn 0.8101 0.5863 -0.0000
vn 0.8087 -0.5882 -0.0000
vn 0.9907 -0.1358 -0.0000
vn 0.5464 0.8375 -0.0000
vn -0.1810 0.9835 -0.0000
vn -0.3643 0.9313 -0.0000
vn 0.1824 -0.9832 -0.0000
vn -0.6267 0.7793 -0.0000
vn 0.7851 -0.6193 -0.0000
vn 0.9511 0.3088 -0.0000
vn 0.1810 0.9835 -0.0000
vn -0.9727 0.2319 -0.0000
vn 0.1398 -0.9902 -0.0000
vn 0.7417 -0.6708 -0.0000
vn -0.7767 -0.6299 -0.0000
vn 0.6587 0.7524 -0.0000
vn 0.3587 0.9335 -0.0000
vn -0.2561 0.9667 -0.0000
vn 0.0955 -0.9954 -0.0000
vn -0.7220 0.6919 -0.0000
vn -0.3587 0.9335 -0.0000
vn 0.8934 0.4493 -0.0000
vn -0.0214 -0.9998 -0.0000
vn -0.1596 0.9872 -0.0000
vn 0.9138 0.4063 -0.0000
vn 0.9637 -0.2669 -0.0000
vn 0.0489 -0.9988 -0.0000
vn 0.5205 0.8539 -0.0000
vn -0.0749 0.9972 -0.0000
vn -0.9427 -0.3335 -0.0000
vn -0.8037 0.5950 -0.0000
vn -0.5205 0.8539 -0.0000
vn -0.8896 0.4568 -0.0000
vn -0.9355 0.3532 -0.0000
vn 0.6716 -0.7409 -0.0000
vn 0.6569 0.7540 -0.0000
vn -0.0354 0.9994 -0.0000
vn -0.8804 0.4742 -0.0000
vn 0.8926 -0.4508 -0.0000
vn -0.6569 0.7540 -0.0000
vn -0.8542 0.5199 -0.0000
vn -0.7647 0.6444 -0.0000
vn 0.9624 0.2715 -0.0000
vn 0.1179 -0.9930 -0.0000
vn -0.0084 -1.0000 -0.0000
vn -0.9798 0.1998 -0.0000
vn 0.6029 -0.7978 -0.0000
vn 0.0106 -0.9999 -0.0000
vn -0.8175 0.5760 -0.0000
vn 0.5391 -0.8422 -0.0000
vn 0.5085 -0.8611 -0.0000
vt -0.205052 0.482176
vt -0.154822 0.583977
vt -0.153326 0.546345
vt -0.152828 0.546345
vt -0.098498 0.514196
vt -0.041926 0.583977
vt -0.039953 0.580605
vt -0.032504 0.555688
vt -0.044169 0.546345
vt -0.043670 0.546345
vt -0.027041 0.534601
vt -0.117252 0.412787
vt -0.100492 0.480552
vt -0.096505 0.480552
vt -0.078643 0.414010
vt -0.023282 0.516797
vt -0.020942 0.501729
vt -0.019737 0.488849
vt -0.019383 0.477611
vt -0.177750 0.414010
vt -0.019597 0.467467
vt -0.020094 0.457870
vt -0.020592 0.448273
vt -0.020806 0.438129
vt -0.020452 0.426890
vt -0.019247 0.414010
vt -0.001303 0.414010
vt 0.071717 0.584974
vt 0.088914 0.584974
vt 0.054521 0.486034
vt 0.080572 0.519060
vt 0.107356 0.486034
vt 0.164925 0.414010
vt 0.045051 0.464103
vt 0.117324 0.464103
vt 0.059184 0.414010
vt 0.106984 0.413394
vt 0.184115 0.414010
vt 0.184115 0.583977
vt 0.208538 0.563043
vt 0.226980 0.583977
vt 0.235303 0.583602
vt 0.243057 0.582493
vt 0.250212 0.580675
vt 0.256739 0.578171
vt 0.262608 0.575006
vt 0.267790 0.571205
vt 0.272255 0.566790
vt 0.224239 0.563043
vt 0.275975 0.561787
vt 0.208538 0.487779
vt 0.228322 0.537340
vt 0.229628 0.562842
vt 0.234026 0.562249
vt 0.237533 0.561275
vt 0.278919 0.556220
vt 0.240250 0.559932
vt 0.242277 0.558233
vt 0.243717 0.556189
vt 0.281058 0.550113
vt 0.244669 0.553813
vt 0.245234 0.551117
vt 0.245514 0.548113
vt 0.282363 0.543491
vt 0.245609 0.544813
vt 0.245620 0.541229
vt 0.282805 0.536376
vt 0.245648 0.537373
vt 0.245778 0.533845
vt 0.224239 0.509710
vt 0.282593 0.531560
vt 0.245965 0.530392
vt 0.281964 0.526959
vt 0.246087 0.527058
vt 0.246023 0.523888
vt 0.280924 0.522584
vt 0.245651 0.520925
vt 0.279482 0.518442
vt 0.244850 0.518215
vt 0.277645 0.514542
vt 0.243498 0.515800
vt 0.241475 0.513725
vt 0.275422 0.510894
vt 0.238659 0.512035
vt 0.234928 0.510773
vt 0.272819 0.507505
vt 0.230162 0.509983
vt 0.269846 0.504384
vt 0.266509 0.501540
vt 0.262816 0.498982
vt 0.258775 0.496718
vt 0.254394 0.494757
vt 0.258138 0.492088
vt 0.261665 0.489191
vt 0.218756 0.487779
vt 0.221833 0.487680
vt 0.265009 0.486065
vt 0.235379 0.414012
vt 0.224866 0.487322
vt 0.227907 0.486611
vt 0.231005 0.485453
vt 0.268203 0.482711
vt 0.234210 0.483755
vt 0.237572 0.481424
vt 0.271278 0.479129
vt 0.241142 0.478366
vt 0.274269 0.475318
vt 0.244970 0.474487
vt 0.277208 0.471279
vt 0.249106 0.469695
vt 0.280128 0.467011
vt 0.253600 0.463895
vt 0.283062 0.462514
vt 0.258503 0.456995
vt 0.286043 0.457790
vt 0.289103 0.452836
vt 0.263864 0.448901
vt 0.292275 0.447655
vt 0.255082 0.414010
vt 0.294017 0.444836
vt 0.295673 0.442211
vt 0.297280 0.439723
vt 0.298874 0.437314
vt 0.300490 0.434927
vt 0.302165 0.432504
vt 0.303934 0.429989
vt 0.305834 0.427324
vt 0.307900 0.424450
vt 0.310167 0.421312
vt 0.312673 0.417851
vt 0.315453 0.414010
vt 0.369768 0.585503
vt 0.377757 0.586220
vt 0.385746 0.585503
vt 0.393241 0.583393
vt 0.362273 0.583393
vt 0.400202 0.579951
vt 0.355312 0.579951
vt 0.406592 0.575236
vt 0.348922 0.575236
vt 0.343141 0.569310
vt 0.412374 0.569310
vt 0.338007 0.562233
vt 0.377757 0.563043
vt 0.417507 0.562233
vt 0.373180 0.562544
vt 0.382334 0.562544
vt 0.368928 0.561067
vt 0.386586 0.561067
vt 0.333558 0.554065
vt 0.421956 0.554065
vt 0.365016 0.558642
vt 0.390498 0.558642
vt 0.361456 0.555298
vt 0.394058 0.555298
vt 0.358264 0.551065
vt 0.397250 0.551065
vt 0.329833 0.544868
vt 0.425681 0.544868
vt 0.355452 0.545971
vt 0.400062 0.545971
vt 0.353035 0.540047
vt 0.402479 0.540047
vt 0.326870 0.534702
vt 0.428644 0.534702
vt 0.351026 0.533321
vt 0.404488 0.533321
vt 0.324706 0.523627
vt 0.430808 0.523627
vt 0.349440 0.525824
vt 0.406074 0.525824
vt 0.348289 0.517583
vt 0.407225 0.517583
vt 0.323380 0.511704
vt 0.432134 0.511704
vt 0.347589 0.508630
vt 0.407925 0.508630
vt 0.322929 0.498994
vt 0.432585 0.498994
vt 0.347352 0.498994
vt 0.408162 0.498994
vt 0.323380 0.486283
vt 0.347589 0.489357
vt 0.407925 0.489357
vt 0.432134 0.486283
vt 0.348289 0.480404
vt 0.407225 0.480404
vt 0.324706 0.474360
vt 0.430808 0.474360
vt 0.349440 0.472164
vt 0.406074 0.472164
vt 0.326870 0.463285
vt 0.428644 0.463285
vt 0.404488 0.464666
vt 0.351026 0.464666
vt 0.402479 0.457940
vt 0.353035 0.457940
vt 0.329833 0.453119
vt 0.425681 0.453119
vt 0.400062 0.452016
vt 0.355452 0.452016
vt 0.333558 0.443922
vt 0.421956 0.443922
vt 0.397250 0.446922
vt 0.358264 0.446922
vt 0.394058 0.442689
vt 0.361456 0.442689
vt 0.338007 0.435755
vt 0.417507 0.435755
vt 0.390498 0.439345
vt 0.365016 0.439345
vt 0.386586 0.436920
vt 0.368928 0.436920
vt 0.382334 0.435443
vt 0.373180 0.435443
vt 0.343141 0.428678
vt 0.412373 0.428678
vt 0.377757 0.434945
vt 0.348922 0.422751
vt 0.406592 0.422751
vt 0.355312 0.418037
vt 0.400202 0.418037
vt 0.362273 0.414594
vt 0.393241 0.414594
vt 0.369768 0.412484
vt 0.385746 0.412484
vt 0.377757 0.411767
vt 0.493254 0.585710
vt 0.500871 0.586220
vt 0.508531 0.585680
vt 0.486128 0.584239
vt 0.515780 0.584098
vt 0.479524 0.581894
vt 0.522568 0.581535
vt 0.473475 0.578762
vt 0.528848 0.578051
vt 0.468015 0.574931
vt 0.534570 0.573705
vt 0.463176 0.570488
vt 0.539686 0.568557
vt 0.458992 0.565521
vt 0.544149 0.562666
vt 0.455495 0.560117
vt 0.497417 0.562813
vt 0.501369 0.563043
vt 0.505226 0.562754
vt 0.493677 0.562139
vt 0.508925 0.561914
vt 0.547908 0.556092
vt 0.490174 0.561045
vt 0.512432 0.560566
vt 0.486933 0.559554
vt 0.515713 0.558751
vt 0.452717 0.554363
vt 0.483979 0.557688
vt 0.518734 0.556509
vt 0.481338 0.555473
vt 0.521462 0.553884
vt 0.550917 0.548896
vt 0.479035 0.552930
vt 0.450693 0.548347
vt 0.523863 0.550916
vt 0.477093 0.550083
vt 0.525903 0.547647
vt 0.475540 0.546956
vt 0.553126 0.541136
vt 0.449454 0.542156
vt 0.527549 0.544118
vt 0.474399 0.543573
vt 0.528766 0.540371
vt 0.473697 0.539955
vt 0.449033 0.535878
vt 0.554487 0.532872
vt 0.529521 0.536447
vt 0.473457 0.536127
vt 0.529780 0.532389
vt 0.473721 0.532514
vt 0.449466 0.529091
vt 0.554951 0.524165
vt 0.474491 0.529046
vt 0.529779 0.531343
vt 0.529774 0.530318
vt 0.529760 0.529301
vt 0.529734 0.528281
vt 0.450727 0.522599
vt 0.475731 0.525757
vt 0.529690 0.527248
vt 0.529624 0.526190
vt 0.529533 0.525095
vt 0.477407 0.522679
vt 0.529411 0.523952
vt 0.554369 0.513781
vt 0.529254 0.522751
vt 0.529059 0.521480
vt 0.479485 0.519842
vt 0.452764 0.516458
vt 0.528820 0.520127
vt 0.528534 0.518682
vt 0.481930 0.517280
vt 0.526220 0.517139
vt 0.484707 0.515024
vt 0.523896 0.515749
vt 0.455522 0.510725
vt 0.521571 0.514507
vt 0.487782 0.513107
vt 0.519257 0.513411
vt 0.552662 0.503257
vt 0.516964 0.512457
vt 0.491120 0.511560
vt 0.514702 0.511641
vt 0.512482 0.510961
vt 0.494686 0.510415
vt 0.510313 0.510412
vt 0.458949 0.505456
vt 0.498447 0.509705
vt 0.508207 0.509990
vt 0.506173 0.509694
vt 0.502366 0.509461
vt 0.504223 0.509519
vt 0.462990 0.500707
vt 0.549889 0.492689
vt 0.467591 0.496534
vt 0.472700 0.492994
vt 0.523549 0.493511
vt 0.521631 0.492426
vt 0.522082 0.488110
vt 0.478262 0.490143
vt 0.546108 0.482176
vt 0.519620 0.491418
vt 0.517529 0.490489
vt 0.515372 0.489643
vt 0.484224 0.488036
vt 0.513158 0.488884
vt 0.510902 0.488215
vt 0.508614 0.487639
vt 0.520056 0.482641
vt 0.490532 0.486731
vt 0.506307 0.487160
vt 0.503994 0.486782
vt 0.501685 0.486507
vt 0.497132 0.486284
vt 0.499394 0.486340
vt 0.517483 0.477129
vt 0.541379 0.471815
vt 0.514375 0.471598
vt 0.535761 0.461704
vt 0.510744 0.466075
vt 0.506603 0.460583
vt 0.529312 0.451942
vt 0.501963 0.455148
vt 0.496837 0.449796
vt 0.522091 0.442624
vt 0.491237 0.444551
vt 0.485175 0.439439
vt 0.514157 0.433850
vt 0.478662 0.434484
vt 0.471712 0.429711
vt 0.505569 0.425718
vt 0.486665 0.411767
vt 0.496385 0.418324
vt 0.633067 0.578610
vt 0.643672 0.586220
vt 0.658376 0.567529
vt 0.623316 0.570513
vt 0.614432 0.561972
vt 0.652459 0.563823
vt 0.646695 0.559712
vt 0.606428 0.553028
vt 0.641126 0.555235
vt 0.635790 0.550434
vt 0.599317 0.543724
vt 0.630727 0.545349
vt 0.625978 0.540021
vt 0.593112 0.534102
vt 0.621582 0.534491
vt 0.617578 0.528798
vt 0.587826 0.524206
vt 0.614008 0.522985
vt 0.583472 0.514076
vt 0.610910 0.517091
vt 0.608324 0.511157
vt 0.580063 0.503756
vt 0.630204 0.512132
vt 0.632956 0.512202
vt 0.639599 0.511764
vt 0.627554 0.511928
vt 0.625005 0.511603
vt 0.645914 0.510484
vt 0.622554 0.511168
vt 0.620200 0.510637
vt 0.606290 0.505224
vt 0.617941 0.510022
vt 0.651854 0.508413
vt 0.615775 0.509333
vt 0.613702 0.508584
vt 0.611718 0.507786
vt 0.657370 0.505603
vt 0.609823 0.506953
vt 0.608014 0.506094
vt 0.662416 0.502103
vt 0.577612 0.493288
vt 0.666943 0.497966
vt 0.670905 0.493242
vt 0.576132 0.482715
vt 0.620857 0.488604
vt 0.623088 0.488845
vt 0.625448 0.488982
vt 0.627972 0.489025
vt 0.674252 0.487982
vt 0.631929 0.488796
vt 0.635683 0.488125
vt 0.618723 0.488250
vt 0.616651 0.487770
vt 0.639206 0.487039
vt 0.676939 0.482238
vt 0.614608 0.487156
vt 0.612559 0.486396
vt 0.642473 0.485564
vt 0.610471 0.485481
vt 0.645455 0.483725
vt 0.608311 0.484399
vt 0.606044 0.483141
vt 0.648127 0.481548
vt 0.603637 0.481696
vt 0.575636 0.472078
vt 0.678917 0.476060
vt 0.601056 0.480053
vt 0.650462 0.479061
vt 0.599906 0.473302
vt 0.652432 0.476287
vt 0.654011 0.473254
vt 0.680139 0.469500
vt 0.599645 0.467020
vt 0.655172 0.469987
vt 0.576091 0.463353
vt 0.655889 0.466513
vt 0.680557 0.462608
vt 0.600196 0.461229
vt 0.656133 0.462857
vt 0.577430 0.455150
vt 0.655908 0.458800
vt 0.680090 0.455796
vt 0.601481 0.455953
vt 0.655246 0.454992
vt 0.603424 0.451213
vt 0.678733 0.449237
vt 0.579612 0.447515
vt 0.654167 0.451451
vt 0.652691 0.448199
vt 0.605947 0.447032
vt 0.676550 0.442994
vt 0.650837 0.445255
vt 0.582596 0.440492
vt 0.608974 0.443432
vt 0.648626 0.442639
vt 0.612428 0.440437
vt 0.673606 0.437132
vt 0.646077 0.440371
vt 0.586341 0.434127
vt 0.616231 0.438068
vt 0.643211 0.438471
vt 0.640047 0.436958
vt 0.620307 0.436348
vt 0.669967 0.431717
vt 0.636606 0.435853
vt 0.624579 0.435299
vt 0.632906 0.435175
vt 0.628969 0.434945
vt 0.590807 0.428465
vt 0.665697 0.426814
vt 0.595953 0.423550
vt 0.660861 0.422487
vt 0.601739 0.419429
vt 0.655524 0.418801
vt 0.608124 0.416144
vt 0.649751 0.415821
vt 0.615067 0.413743
vt 0.643607 0.413612
vt 0.622527 0.412269
vt 0.637156 0.412239
vt 0.630464 0.411767
vt 0.738996 0.586173
vt 0.742114 0.586220
vt 0.749486 0.585861
vt 0.735992 0.586031
vt 0.733087 0.585792
vt 0.756381 0.584803
vt 0.730271 0.585454
vt 0.727531 0.585016
vt 0.724855 0.584475
vt 0.762767 0.583074
vt 0.722231 0.583831
vt 0.719647 0.583082
vt 0.717090 0.582225
vt 0.768614 0.580700
vt 0.714550 0.581259
vt 0.712012 0.580182
vt 0.773889 0.577711
vt 0.709466 0.578993
vt 0.709466 0.555815
vt 0.712319 0.557057
vt 0.715034 0.558168
vt 0.717628 0.559153
vt 0.720118 0.560015
vt 0.722521 0.560760
vt 0.724855 0.561392
vt 0.778562 0.574133
vt 0.727138 0.561914
vt 0.729385 0.562332
vt 0.782601 0.569994
vt 0.731615 0.562649
vt 0.733846 0.562871
vt 0.736093 0.563000
vt 0.785976 0.565323
vt 0.738375 0.563043
vt 0.742723 0.562842
vt 0.788655 0.560145
vt 0.746784 0.562250
vt 0.750540 0.561279
vt 0.753975 0.559941
vt 0.790607 0.554491
vt 0.757070 0.558251
vt 0.759808 0.556220
vt 0.762173 0.553863
vt 0.791801 0.548386
vt 0.764146 0.551191
vt 0.765711 0.548218
vt 0.792206 0.541859
vt 0.766851 0.544957
vt 0.767547 0.541421
vt 0.792075 0.537292
vt 0.767783 0.537622
vt 0.767549 0.533891
vt 0.791674 0.533047
vt 0.766849 0.530430
vt 0.790992 0.529102
vt 0.765680 0.527249
vt 0.790019 0.525438
vt 0.764045 0.524359
vt 0.788745 0.522034
vt 0.761942 0.521769
vt 0.787160 0.518869
vt 0.759372 0.519492
vt 0.756335 0.517536
vt 0.785253 0.515921
vt 0.752830 0.515913
vt 0.783013 0.513171
vt 0.748858 0.514632
vt 0.744419 0.513704
vt 0.739512 0.513140
vt 0.780431 0.510598
vt 0.734139 0.512950
vt 0.734139 0.490520
vt 0.777496 0.508180
vt 0.774197 0.505897
vt 0.770524 0.503729
vt 0.774565 0.502168
vt 0.778218 0.500132
vt 0.781490 0.497666
vt 0.784388 0.494812
vt 0.786920 0.491616
vt 0.739933 0.490542
vt 0.789091 0.488122
vt 0.745228 0.490008
vt 0.750022 0.488955
vt 0.754316 0.487419
vt 0.790910 0.484372
vt 0.758108 0.485436
vt 0.761397 0.483044
vt 0.792382 0.480413
vt 0.764182 0.480277
vt 0.793515 0.476288
vt 0.766463 0.477173
vt 0.768239 0.473768
vt 0.794315 0.472040
vt 0.769508 0.470098
vt 0.794791 0.467715
vt 0.770270 0.466200
vt 0.794948 0.463356
vt 0.770524 0.462109
vt 0.794493 0.455953
vt 0.770304 0.458120
vt 0.769653 0.454386
vt 0.793159 0.448977
vt 0.768589 0.450926
vt 0.767128 0.447756
vt 0.790992 0.442468
vt 0.705229 0.421487
vt 0.705229 0.447904
vt 0.708459 0.445817
vt 0.765286 0.444895
vt 0.711670 0.443915
vt 0.763079 0.442359
vt 0.714863 0.442199
vt 0.788034 0.436468
vt 0.760525 0.440166
vt 0.718041 0.440667
vt 0.721205 0.439319
vt 0.757639 0.438332
vt 0.724357 0.438153
vt 0.754438 0.436876
vt 0.727498 0.437169
vt 0.730631 0.436366
vt 0.750939 0.435815
vt 0.784333 0.431018
vt 0.733757 0.435743
vt 0.747158 0.435165
vt 0.736878 0.435299
vt 0.739995 0.435033
vt 0.743110 0.434945
vt 0.779932 0.426160
vt 0.774878 0.421935
vt 0.769214 0.418386
vt 0.708282 0.419987
vt 0.711333 0.418604
vt 0.714380 0.417340
vt 0.762986 0.415552
vt 0.717422 0.416198
vt 0.720458 0.415181
vt 0.756238 0.413477
vt 0.723485 0.414291
vt 0.726501 0.413531
vt 0.729505 0.412903
vt 0.749017 0.412202
vt 0.732495 0.412410
vt 0.735470 0.412055
vt 0.741366 0.411767
vt 0.738428 0.411840
vt 0.226980 0.450761
vt 0.184115 0.450761
vt 0.184115 0.549239
vt 0.226980 0.549239
vt 0.451942 0.450761
vt 0.461704 0.450761
vt 0.461704 0.549239
vt 0.451942 0.549239
vt 0.505226 0.450761
vt 0.508925 0.450761
vt 0.508925 0.549239
vt 0.505226 0.549239
vt 0.774565 0.450761
vt 0.770524 0.450761
vt 0.770524 0.549239
vt 0.774565 0.549239
vt 0.443432 0.450761
vt 0.447032 0.450761
vt 0.447032 0.549239
vt 0.443432 0.549239
vt 0.460583 0.450761
vt 0.455148 0.450761
vt 0.455148 0.549239
vt 0.460583 0.549239
vt 0.562233 0.450761
vt 0.569310 0.450761
vt 0.569310 0.549239
vt 0.562233 0.549239
vt 0.235303 0.450761
vt 0.235303 0.549239
vt 0.445255 0.450761
vt 0.442639 0.450761
vt 0.442639 0.549239
vt 0.445255 0.549239
vt 0.778218 0.450761
vt 0.778218 0.549239
vt 0.449796 0.450761
vt 0.449796 0.549239
vt 0.556092 0.450761
vt 0.562666 0.450761
vt 0.562666 0.549239
vt 0.556092 0.549239
vt 0.373180 0.450761
vt 0.377757 0.450761
vt 0.377757 0.549239
vt 0.373180 0.549239
vt 0.243057 0.450761
vt 0.243057 0.549239
vt 0.382334 0.450761
vt 0.382334 0.549239
vt 0.781490 0.450761
vt 0.781490 0.549239
vt 0.612428 0.450761
vt 0.608974 0.450761
vt 0.608974 0.549239
vt 0.612428 0.549239
vt 0.490174 0.450761
vt 0.493677 0.450761
vt 0.493677 0.549239
vt 0.490174 0.549239
vt 0.250212 0.450761
vt 0.250212 0.549239
vt 0.442624 0.450761
vt 0.442624 0.549239
vt 0.512432 0.450761
vt 0.512432 0.549239
vt 0.784388 0.450761
vt 0.784388 0.549239
vt 0.437132 0.450761
vt 0.442994 0.450761
vt 0.442994 0.549239
vt 0.437132 0.549239
vt 0.496837 0.450761
vt 0.491237 0.450761
vt 0.491237 0.549239
vt 0.496837 0.549239
vt 0.368928 0.450761
vt 0.368928 0.549239
vt 0.256739 0.450761
vt 0.256739 0.549239
vt 0.648626 0.450761
vt 0.646077 0.450761
vt 0.646077 0.549239
vt 0.648626 0.549239
vt 0.386586 0.450761
vt 0.386586 0.549239
vt 0.491616 0.450761
vt 0.494812 0.450761
vt 0.494812 0.549239
vt 0.491616 0.549239
vt 0.485175 0.450761
vt 0.485175 0.549239
vt 0.486933 0.450761
vt 0.486933 0.549239
vt 0.734139 0.450761
vt 0.739933 0.450761
vt 0.739933 0.549239
vt 0.734139 0.549239
vt 0.262608 0.450761
vt 0.262608 0.549239
vt 0.440492 0.450761
vt 0.434127 0.450761
vt 0.434127 0.549239
vt 0.440492 0.549239
vt 0.515713 0.450761
vt 0.515713 0.549239
vt 0.554065 0.450761
vt 0.554065 0.549239
vt 0.267790 0.450761
vt 0.267790 0.549239
vt 0.433850 0.450761
vt 0.433850 0.549239
vt 0.560117 0.450761
vt 0.554363 0.450761
vt 0.554363 0.549239
vt 0.560117 0.549239
vt 0.488122 0.450761
vt 0.488122 0.549239
vt 0.616231 0.450761
vt 0.616231 0.549239
vt 0.478662 0.450761
vt 0.478662 0.549239
vt 0.745228 0.450761
vt 0.745228 0.549239
vt 0.272255 0.450761
vt 0.272255 0.549239
vt 0.643211 0.450761
vt 0.643211 0.549239
vt 0.208538 0.450761
vt 0.224239 0.450761
vt 0.224239 0.549239
vt 0.208538 0.549239
vt 0.471712 0.450761
vt 0.471712 0.549239
vt 0.483979 0.450761
vt 0.483979 0.549239
vt 0.365016 0.450761
vt 0.365016 0.549239
vt 0.750022 0.450761
vt 0.750022 0.549239
vt 0.640047 0.450761
vt 0.640047 0.549239
vt 0.518734 0.450761
vt 0.518734 0.549239
vt 0.390498 0.450761
vt 0.390498 0.549239
vt 0.754316 0.450761
vt 0.754316 0.549239
vt 0.561787 0.450761
vt 0.566790 0.450761
vt 0.566790 0.549239
vt 0.561787 0.549239
vt 0.505569 0.450761
vt 0.514157 0.450761
vt 0.514157 0.549239
vt 0.505569 0.549239
vt 0.620307 0.450761
vt 0.620307 0.549239
vt 0.429711 0.450761
vt 0.411767 0.450761
vt 0.411767 0.549239
vt 0.429711 0.549239
vt 0.481338 0.450761
vt 0.481338 0.549239
vt 0.361456 0.450761
vt 0.361456 0.549239
vt 0.521462 0.450761
vt 0.521462 0.549239
vt 0.394058 0.450761
vt 0.394058 0.549239
vt 0.484372 0.450761
vt 0.484372 0.549239
vt 0.431717 0.450761
vt 0.431717 0.549239
vt 0.486665 0.450761
vt 0.496385 0.450761
vt 0.496385 0.549239
vt 0.486665 0.549239
vt 0.758108 0.450761
vt 0.758108 0.549239
vt 0.537340 0.450761
vt 0.563043 0.450761
vt 0.563043 0.549239
vt 0.537340 0.549239
vt 0.636606 0.450761
vt 0.636606 0.549239
vt 0.229628 0.450761
vt 0.229628 0.549239
vt 0.643672 0.450761
vt 0.633067 0.450761
vt 0.633067 0.549239
vt 0.643672 0.549239
vt 0.548896 0.450761
vt 0.548896 0.549239
vt 0.551065 0.450761
vt 0.555298 0.450761
vt 0.555298 0.549239
vt 0.551065 0.549239
vt 0.761397 0.450761
vt 0.761397 0.549239
vt 0.234026 0.450761
vt 0.234026 0.549239
vt 0.624579 0.450761
vt 0.624579 0.549239
vt 0.567529 0.450761
vt 0.586220 0.450761
vt 0.586220 0.549239
vt 0.567529 0.549239
vt 0.552930 0.450761
vt 0.555473 0.450761
vt 0.555473 0.549239
vt 0.552930 0.549239
vt 0.632906 0.450761
vt 0.632906 0.549239
vt 0.623316 0.450761
vt 0.623316 0.549239
vt 0.548347 0.450761
vt 0.548347 0.549239
vt 0.544868 0.450761
vt 0.544868 0.549239
vt 0.480413 0.450761
vt 0.480413 0.549239
vt 0.237533 0.450761
vt 0.237533 0.549239
vt 0.764182 0.450761
vt 0.764182 0.549239
vt 0.614432 0.450761
vt 0.614432 0.549239
vt 0.553884 0.450761
vt 0.550916 0.450761
vt 0.550916 0.549239
vt 0.553884 0.549239
vt 0.628969 0.450761
vt 0.628969 0.549239
vt 0.556220 0.450761
vt 0.556220 0.549239
vt 0.476288 0.450761
vt 0.476288 0.549239
vt 0.240250 0.450761
vt 0.240250 0.549239
vt 0.652459 0.450761
vt 0.658376 0.450761
vt 0.658376 0.549239
vt 0.652459 0.549239
vt 0.550083 0.450761
vt 0.550083 0.549239
vt 0.545971 0.450761
vt 0.545971 0.549239
vt 0.480277 0.450761
vt 0.477173 0.450761
vt 0.477173 0.549239
vt 0.480277 0.549239
vt 0.547647 0.450761
vt 0.547647 0.549239
vt 0.242277 0.450761
vt 0.242277 0.549239
vt 0.428465 0.450761
vt 0.428465 0.549239
vt 0.646695 0.450761
vt 0.646695 0.549239
vt 0.473768 0.450761
vt 0.473768 0.549239
vt 0.561972 0.450761
vt 0.553028 0.450761
vt 0.553028 0.549239
vt 0.561972 0.549239
vt 0.558233 0.450761
vt 0.556189 0.450761
vt 0.556189 0.549239
vt 0.558233 0.549239
vt 0.546956 0.450761
vt 0.546956 0.549239
vt 0.540047 0.450761
vt 0.540047 0.549239
vt 0.426814 0.450761
vt 0.426814 0.549239
vt 0.472040 0.450761
vt 0.472040 0.549239
vt 0.590807 0.450761
vt 0.595953 0.450761
vt 0.595953 0.549239
vt 0.590807 0.549239
vt 0.641126 0.450761
vt 0.641126 0.549239
vt 0.541136 0.450761
vt 0.541136 0.549239
vt 0.470098 0.450761
vt 0.470098 0.549239
vt 0.550113 0.450761
vt 0.550113 0.549239
vt 0.542156 0.450761
vt 0.542156 0.549239
vt 0.534702 0.450761
vt 0.534702 0.549239
vt 0.553813 0.450761
vt 0.553813 0.549239
vt 0.635790 0.450761
vt 0.635790 0.549239
vt 0.660861 0.450761
vt 0.665697 0.450761
vt 0.665697 0.549239
vt 0.660861 0.549239
vt 0.543724 0.450761
vt 0.543724 0.549239
vt 0.544118 0.450761
vt 0.544118 0.549239
vt 0.467715 0.450761
vt 0.467715 0.549239
vt 0.551117 0.450761
vt 0.551117 0.549239
vt 0.601739 0.450761
vt 0.601739 0.549239
vt 0.466200 0.450761
vt 0.466200 0.549239
vt 0.548113 0.450761
vt 0.548113 0.549239
vt 0.545349 0.450761
vt 0.550434 0.450761
vt 0.550434 0.549239
vt 0.545349 0.549239
vt 0.543573 0.450761
vt 0.543573 0.549239
vt 0.533321 0.450761
vt 0.533321 0.549239
vt 0.655524 0.450761
vt 0.655524 0.549239
vt 0.540371 0.450761
vt 0.540371 0.549239
vt 0.533321 0.450761
vt 0.533321 0.549239
vt 0.463356 0.450761
vt 0.463356 0.549239
vt 0.608124 0.450761
vt 0.608124 0.549239
vt 0.540021 0.450761
vt 0.540021 0.549239
vt 0.462109 0.450761
vt 0.462109 0.549239
vt 0.543491 0.450761
vt 0.543491 0.549239
vt 0.534102 0.450761
vt 0.534102 0.549239
vt 0.523627 0.450761
vt 0.523627 0.549239
vt 0.544813 0.450761
vt 0.544813 0.549239
vt 0.539955 0.450761
vt 0.539955 0.549239
vt 0.649751 0.450761
vt 0.649751 0.549239
vt 0.535878 0.450761
vt 0.535878 0.549239
vt 0.455953 0.450761
vt 0.455953 0.549239
vt 0.541229 0.450761
vt 0.541229 0.549239
vt 0.615067 0.450761
vt 0.615067 0.549239
vt 0.534491 0.450761
vt 0.534491 0.549239
vt 0.523627 0.450761
vt 0.523627 0.549239
vt 0.458120 0.450761
vt 0.458120 0.549239
vt 0.528798 0.450761
vt 0.528798 0.549239
vt 0.532872 0.450761
vt 0.532872 0.549239
vt 0.525824 0.450761
vt 0.525824 0.549239
vt 0.454386 0.450761
vt 0.454386 0.549239
vt 0.536376 0.450761
vt 0.536376 0.549239
vt 0.643607 0.450761
vt 0.643607 0.549239
vt 0.524206 0.450761
vt 0.524206 0.549239
vt 0.536447 0.450761
vt 0.536447 0.549239
vt 0.537373 0.450761
vt 0.537373 0.549239
vt 0.622527 0.450761
vt 0.622527 0.549239
vt 0.448977 0.450761
vt 0.448977 0.549239
vt 0.533845 0.450761
vt 0.533845 0.549239
vt 0.522985 0.450761
vt 0.522985 0.549239
vt 0.536127 0.450761
vt 0.536127 0.549239
vt 0.517583 0.450761
vt 0.517583 0.549239
vt 0.450926 0.450761
vt 0.450926 0.549239
vt 0.637156 0.450761
vt 0.637156 0.549239
vt 0.514076 0.450761
vt 0.514076 0.549239
vt 0.532389 0.450761
vt 0.532389 0.549239
vt 0.517583 0.450761
vt 0.517583 0.549239
vt 0.630464 0.450761
vt 0.630464 0.549239
vt 0.447756 0.450761
vt 0.447756 0.549239
vt 0.509710 0.450761
vt 0.509710 0.549239
vt 0.511704 0.450761
vt 0.511704 0.549239
vt 0.742114 0.450761
vt 0.738996 0.450761
vt 0.738996 0.549239
vt 0.742114 0.549239
vt 0.517091 0.450761
vt 0.517091 0.549239
vt 0.532514 0.450761
vt 0.532514 0.549239
vt 0.531560 0.450761
vt 0.531560 0.549239
vt 0.529091 0.450761
vt 0.529091 0.549239
vt 0.442468 0.450761
vt 0.442468 0.549239
vt 0.530392 0.450761
vt 0.530392 0.549239
vt 0.749486 0.450761
vt 0.749486 0.549239
vt 0.511157 0.450761
vt 0.511157 0.549239
vt 0.447904 0.450761
vt 0.421487 0.450761
vt 0.421487 0.549239
vt 0.447904 0.549239
vt 0.735992 0.450761
vt 0.735992 0.549239
vt 0.503756 0.450761
vt 0.503756 0.549239
vt 0.524165 0.450761
vt 0.524165 0.549239
vt 0.508630 0.450761
vt 0.508630 0.549239
vt 0.708459 0.450761
vt 0.705229 0.450761
vt 0.705229 0.549239
vt 0.708459 0.549239
vt 0.526959 0.450761
vt 0.526959 0.549239
vt 0.733087 0.450761
vt 0.733087 0.549239
vt 0.632956 0.450761
vt 0.630204 0.450761
vt 0.630204 0.549239
vt 0.632956 0.549239
vt 0.508630 0.450761
vt 0.508630 0.549239
vt 0.444895 0.450761
vt 0.444895 0.549239
vt 0.527058 0.450761
vt 0.527058 0.549239
vt 0.529046 0.450761
vt 0.529046 0.549239
vt 0.639599 0.450761
vt 0.639599 0.549239
vt 0.531343 0.450761
vt 0.531343 0.549239
vt 0.498994 0.450761
vt 0.498994 0.549239
vt 0.523888 0.450761
vt 0.523888 0.549239
vt 0.756381 0.450761
vt 0.756381 0.549239
vt 0.627554 0.450761
vt 0.627554 0.549239
vt 0.711670 0.450761
vt 0.711670 0.549239
vt 0.730271 0.450761
vt 0.730271 0.549239
vt 0.530318 0.450761
vt 0.530318 0.549239
vt 0.442359 0.450761
vt 0.442359 0.549239
vt 0.625005 0.450761
vt 0.625005 0.549239
vt 0.522584 0.450761
vt 0.522584 0.549239
vt 0.727531 0.450761
vt 0.727531 0.549239
vt 0.529301 0.450761
vt 0.529301 0.549239
vt 0.520925 0.450761
vt 0.520925 0.549239
vt 0.714863 0.450761
vt 0.714863 0.549239
vt 0.724855 0.450761
vt 0.724855 0.549239
vt 0.645914 0.450761
vt 0.645914 0.549239
vt 0.528281 0.450761
vt 0.528281 0.549239
vt 0.622554 0.450761
vt 0.622554 0.549239
vt 0.436468 0.450761
vt 0.436468 0.549239
vt 0.518442 0.450761
vt 0.518442 0.549239
vt 0.522599 0.450761
vt 0.522599 0.549239
vt 0.486283 0.450761
vt 0.486283 0.549239
vt 0.763079 0.450761
vt 0.760525 0.450761
vt 0.760525 0.549239
vt 0.763079 0.549239
vt 0.518215 0.450761
vt 0.518215 0.549239
vt 0.762767 0.450761
vt 0.762767 0.549239
vt 0.620200 0.450761
vt 0.620200 0.549239
vt 0.722231 0.450761
vt 0.722231 0.549239
vt 0.525757 0.450761
vt 0.525757 0.549239
vt 0.489357 0.450761
vt 0.489357 0.549239
vt 0.718041 0.450761
vt 0.718041 0.549239
vt 0.514542 0.450761
vt 0.514542 0.549239
vt 0.719647 0.450761
vt 0.719647 0.549239
vt 0.505224 0.450761
vt 0.505224 0.549239
vt 0.527248 0.450761
vt 0.527248 0.549239
vt 0.489357 0.450761
vt 0.489357 0.549239
vt 0.515800 0.450761
vt 0.515800 0.549239
vt 0.617941 0.450761
vt 0.617941 0.549239
vt 0.721205 0.450761
vt 0.721205 0.549239
vt 0.717090 0.450761
vt 0.717090 0.549239
vt 0.526190 0.450761
vt 0.526190 0.549239
vt 0.757639 0.450761
vt 0.757639 0.549239
vt 0.513725 0.450761
vt 0.513725 0.549239
vt 0.651854 0.450761
vt 0.651854 0.549239
vt 0.525095 0.450761
vt 0.525095 0.549239
vt 0.768614 0.450761
vt 0.768614 0.549239
vt 0.615775 0.450761
vt 0.615775 0.549239
vt 0.480404 0.450761
vt 0.480404 0.549239
vt 0.724357 0.450761
vt 0.724357 0.549239
vt 0.510894 0.450761
vt 0.510894 0.549239
vt 0.714550 0.450761
vt 0.714550 0.549239
vt 0.754438 0.450761
vt 0.754438 0.549239
vt 0.241475 0.450761
vt 0.238659 0.450761
vt 0.238659 0.549239
vt 0.241475 0.549239
vt 0.613702 0.450761
vt 0.613702 0.549239
vt 0.522679 0.450761
vt 0.522679 0.549239
vt 0.712012 0.450761
vt 0.712012 0.549239
vt 0.523952 0.450761
vt 0.523952 0.549239
vt 0.474360 0.450761
vt 0.474360 0.549239
vt 0.234928 0.450761
vt 0.234928 0.549239
vt 0.611718 0.450761
vt 0.611718 0.549239
vt 0.727498 0.450761
vt 0.727498 0.549239
vt 0.773889 0.450761
vt 0.773889 0.549239
vt 0.513781 0.450761
vt 0.513781 0.549239
vt 0.730631 0.450761
vt 0.730631 0.549239
vt 0.507505 0.450761
vt 0.507505 0.549239
vt 0.709466 0.450761
vt 0.709466 0.549239
vt 0.657370 0.450761
vt 0.657370 0.549239
vt 0.522751 0.450761
vt 0.522751 0.549239
vt 0.750939 0.450761
vt 0.750939 0.549239
vt 0.230162 0.450761
vt 0.230162 0.549239
vt 0.609823 0.450761
vt 0.609823 0.549239
vt 0.472164 0.450761
vt 0.472164 0.549239
vt 0.578993 0.450761
vt 0.555815 0.450761
vt 0.555815 0.549239
vt 0.578993 0.549239
vt 0.521480 0.450761
vt 0.521480 0.549239
vt 0.712319 0.450761
vt 0.712319 0.549239
vt 0.608014 0.450761
vt 0.608014 0.549239
vt 0.431018 0.450761
vt 0.431018 0.549239
vt 0.463285 0.450761
vt 0.463285 0.549239
vt 0.715034 0.450761
vt 0.715034 0.549239
vt 0.606290 0.450761
vt 0.606290 0.549239
vt 0.519842 0.450761
vt 0.519842 0.549239
vt 0.733757 0.450761
vt 0.733757 0.549239
vt 0.516458 0.450761
vt 0.516458 0.549239
vt 0.747158 0.450761
vt 0.747158 0.549239
vt 0.504384 0.450761
vt 0.504384 0.549239
vt 0.717628 0.450761
vt 0.717628 0.549239
vt 0.662416 0.450761
vt 0.662416 0.549239
vt 0.520127 0.450761
vt 0.520127 0.549239
vt 0.464666 0.450761
vt 0.464666 0.549239
vt 0.266509 0.450761
vt 0.269846 0.450761
vt 0.269846 0.549239
vt 0.266509 0.549239
vt 0.720118 0.450761
vt 0.720118 0.549239
vt 0.736878 0.450761
vt 0.736878 0.549239
vt 0.493288 0.450761
vt 0.493288 0.549239
vt 0.518682 0.450761
vt 0.518682 0.549239
vt 0.262816 0.450761
vt 0.262816 0.549239
vt 0.739995 0.450761
vt 0.739995 0.549239
vt 0.722521 0.450761
vt 0.722521 0.549239
vt 0.457940 0.450761
vt 0.457940 0.549239
vt 0.743110 0.450761
vt 0.743110 0.549239
vt 0.258775 0.450761
vt 0.258775 0.549239
vt 0.666943 0.450761
vt 0.666943 0.549239
vt 0.517280 0.450761
vt 0.517280 0.549239
vt 0.724855 0.450761
vt 0.724855 0.549239
vt 0.528534 0.450761
vt 0.526220 0.450761
vt 0.526220 0.549239
vt 0.528534 0.549239
vt 0.254394 0.450761
vt 0.254394 0.549239
vt 0.493242 0.450761
vt 0.497966 0.450761
vt 0.497966 0.549239
vt 0.493242 0.549239
vt 0.482715 0.450761
vt 0.482715 0.549239
vt 0.453119 0.450761
vt 0.453119 0.549239
vt 0.258138 0.450761
vt 0.258138 0.549239
vt 0.778562 0.450761
vt 0.778562 0.549239
vt 0.484707 0.450761
vt 0.481930 0.450761
vt 0.481930 0.549239
vt 0.484707 0.549239
vt 0.727138 0.450761
vt 0.727138 0.549239
vt 0.523896 0.450761
vt 0.523896 0.549239
vt 0.426160 0.450761
vt 0.426160 0.549239
vt 0.261665 0.450761
vt 0.261665 0.549239
vt 0.620857 0.450761
vt 0.623088 0.450761
vt 0.623088 0.549239
vt 0.620857 0.549239
vt 0.218756 0.450761
vt 0.218756 0.549239
vt 0.729385 0.450761
vt 0.729385 0.549239
vt 0.510725 0.450761
vt 0.510725 0.549239
vt 0.452016 0.450761
vt 0.452016 0.549239
vt 0.774878 0.450761
vt 0.779932 0.450761
vt 0.779932 0.549239
vt 0.774878 0.549239
vt 0.221833 0.450761
vt 0.221833 0.549239
vt 0.625448 0.450761
vt 0.625448 0.549239
vt 0.521571 0.450761
vt 0.521571 0.549239
vt 0.769214 0.450761
vt 0.769214 0.549239
vt 0.569994 0.450761
vt 0.574133 0.450761
vt 0.574133 0.549239
vt 0.569994 0.549239
vt 0.708282 0.450761
vt 0.708282 0.549239
vt 0.731615 0.450761
vt 0.731615 0.549239
vt 0.627972 0.450761
vt 0.627972 0.549239
vt 0.443922 0.450761
vt 0.443922 0.549239
vt 0.265009 0.450761
vt 0.265009 0.549239
vt 0.487782 0.450761
vt 0.487782 0.549239
vt 0.711333 0.450761
vt 0.711333 0.549239
vt 0.235379 0.450761
vt 0.235379 0.549239
vt 0.733846 0.450761
vt 0.733846 0.549239
vt 0.519257 0.450761
vt 0.519257 0.549239
vt 0.414012 0.450761
vt 0.487779 0.450761
vt 0.487779 0.549239
vt 0.414012 0.549239
vt 0.487982 0.450761
vt 0.487982 0.549239
vt 0.714380 0.450761
vt 0.714380 0.549239
vt 0.224866 0.450761
vt 0.224866 0.549239
vt 0.736093 0.450761
vt 0.736093 0.549239
vt 0.631929 0.450761
vt 0.631929 0.549239
vt 0.446922 0.450761
vt 0.446922 0.549239
vt 0.503257 0.450761
vt 0.503257 0.549239
vt 0.227907 0.450761
vt 0.227907 0.549239
vt 0.635683 0.450761
vt 0.635683 0.549239
vt 0.516964 0.450761
vt 0.516964 0.549239
vt 0.762986 0.450761
vt 0.762986 0.549239
vt 0.565323 0.450761
vt 0.565323 0.549239
vt 0.717422 0.450761
vt 0.717422 0.549239
vt 0.231005 0.450761
vt 0.231005 0.549239
vt 0.738375 0.450761
vt 0.738375 0.549239
vt 0.442689 0.450761
vt 0.442689 0.549239
vt 0.618723 0.450761
vt 0.618723 0.549239
vt 0.491120 0.450761
vt 0.491120 0.549239
vt 0.720458 0.450761
vt 0.720458 0.549239
vt 0.742723 0.450761
vt 0.742723 0.549239
vt 0.514702 0.450761
vt 0.514702 0.549239
vt 0.482711 0.450761
vt 0.486065 0.450761
vt 0.486065 0.549239
vt 0.482711 0.549239
vt 0.616651 0.450761
vt 0.616651 0.549239
vt 0.234210 0.450761
vt 0.234210 0.549239
vt 0.639206 0.450761
vt 0.639206 0.549239
vt 0.512482 0.450761
vt 0.512482 0.549239
vt 0.435755 0.450761
vt 0.435755 0.549239
vt 0.756238 0.450761
vt 0.756238 0.549239
vt 0.560145 0.450761
vt 0.560145 0.549239
vt 0.723485 0.450761
vt 0.723485 0.549239
vt 0.237572 0.450761
vt 0.237572 0.549239
vt 0.746784 0.450761
vt 0.746784 0.549239
vt 0.482238 0.450761
vt 0.482238 0.549239
vt 0.494686 0.450761
vt 0.494686 0.549239
vt 0.726501 0.450761
vt 0.726501 0.549239
vt 0.750540 0.450761
vt 0.750540 0.549239
vt 0.510313 0.450761
vt 0.510313 0.549239
vt 0.394058 0.450761
vt 0.390498 0.450761
vt 0.390498 0.549239
vt 0.394058 0.549239
vt 0.479129 0.450761
vt 0.479129 0.549239
vt 0.583977 0.450761
vt 0.482176 0.450761
vt 0.482176 0.549239
vt 0.583977 0.549239
vt 0.614608 0.450761
vt 0.614608 0.549239
vt 0.729505 0.450761
vt 0.729505 0.549239
vt 0.241142 0.450761
vt 0.241142 0.549239
vt 0.753975 0.450761
vt 0.753975 0.549239
vt 0.505456 0.450761
vt 0.505456 0.549239
vt 0.612559 0.450761
vt 0.612559 0.549239
vt 0.365016 0.450761
vt 0.361456 0.450761
vt 0.361456 0.549239
vt 0.365016 0.549239
vt -0.153326 0.450761
vt -0.152828 0.450761
vt -0.152828 0.549239
vt -0.153326 0.549239
vt 0.642473 0.450761
vt 0.642473 0.549239
vt 0.386586 0.450761
vt 0.386586 0.549239
vt 0.749017 0.450761
vt 0.749017 0.549239
vt 0.475318 0.450761
vt 0.475318 0.549239
vt 0.554491 0.450761
vt 0.554491 0.549239
vt 0.498447 0.450761
vt 0.498447 0.549239
vt 0.732495 0.450761
vt 0.732495 0.549239
vt 0.478366 0.450761
vt 0.474487 0.450761
vt 0.474487 0.549239
vt 0.478366 0.549239
vt 0.757070 0.450761
vt 0.757070 0.549239
vt 0.508207 0.450761
vt 0.508207 0.549239
vt 0.514196 0.450761
vt 0.514196 0.549239
vt 0.610471 0.450761
vt 0.610471 0.549239
vt 0.368928 0.450761
vt 0.368928 0.549239
vt 0.735470 0.450761
vt 0.735470 0.549239
vt 0.759808 0.450761
vt 0.759808 0.549239
vt 0.645455 0.450761
vt 0.645455 0.549239
vt 0.506173 0.450761
vt 0.506173 0.549239
vt 0.382334 0.450761
vt 0.382334 0.549239
vt 0.471279 0.450761
vt 0.471279 0.549239
vt 0.469695 0.450761
vt 0.469695 0.549239
vt 0.762173 0.450761
vt 0.762173 0.549239
vt 0.580605 0.450761
vt 0.580605 0.549239
vt 0.741366 0.450761
vt 0.741366 0.549239
vt 0.608311 0.450761
vt 0.608311 0.549239
vt 0.502366 0.450761
vt 0.502366 0.549239
vt 0.373180 0.450761
vt 0.373180 0.549239
vt 0.738428 0.450761
vt 0.738428 0.549239
vt 0.555688 0.450761
vt 0.555688 0.549239
vt 0.504223 0.450761
vt 0.504223 0.549239
vt 0.428678 0.450761
vt 0.428678 0.549239
vt 0.467011 0.450761
vt 0.467011 0.549239
vt 0.548386 0.450761
vt 0.548386 0.549239
vt 0.606044 0.450761
vt 0.606044 0.549239
vt 0.463895 0.450761
vt 0.463895 0.549239
vt 0.553863 0.450761
vt 0.551191 0.450761
vt 0.551191 0.549239
vt 0.553863 0.549239
vt 0.648127 0.450761
vt 0.648127 0.549239
vt -0.044169 0.450761
vt -0.043670 0.450761
vt -0.043670 0.549239
vt -0.044169 0.549239
vt 0.548218 0.450761
vt 0.548218 0.549239
vt 0.462514 0.450761
vt 0.462514 0.549239
vt 0.603637 0.450761
vt 0.603637 0.549239
vt 0.500707 0.450761
vt 0.500707 0.549239
vt 0.456995 0.450761
vt 0.456995 0.549239
vt 0.534601 0.450761
vt 0.534601 0.549239
vt 0.472078 0.450761
vt 0.472078 0.549239
vt 0.541859 0.450761
vt 0.541859 0.549239
vt 0.544957 0.450761
vt 0.544957 0.549239
vt 0.412787 0.450761
vt 0.546345 0.450761
vt 0.546345 0.549239
vt 0.412787 0.549239
vt 0.492689 0.450761
vt 0.492689 0.549239
vt 0.457790 0.450761
vt 0.457790 0.549239
vt 0.480552 0.450761
vt 0.480552 0.549239
vt 0.476060 0.450761
vt 0.476060 0.549239
vt 0.462990 0.450761
vt 0.467591 0.450761
vt 0.467591 0.549239
vt 0.462990 0.549239
vt 0.422751 0.450761
vt 0.422751 0.549239
vt 0.541421 0.450761
vt 0.541421 0.549239
vt 0.452836 0.450761
vt 0.452836 0.549239
vt 0.601056 0.450761
vt 0.601056 0.549239
vt 0.472700 0.450761
vt 0.472700 0.549239
vt 0.448901 0.450761
vt 0.448901 0.549239
vt 0.481548 0.450761
vt 0.479061 0.450761
vt 0.479061 0.549239
vt 0.481548 0.549239
vt 0.537292 0.450761
vt 0.537292 0.549239
vt 0.414010 0.450761
vt 0.414010 0.549239
vt 0.348922 0.450761
vt 0.355312 0.450761
vt 0.355312 0.549239
vt 0.348922 0.549239
vt 0.537622 0.450761
vt 0.537622 0.549239
vt 0.447655 0.450761
vt 0.447655 0.549239
vt 0.473302 0.450761
vt 0.480053 0.450761
vt 0.480053 0.549239
vt 0.473302 0.549239
vt 0.533891 0.450761
vt 0.533891 0.549239
vt 0.516797 0.450761
vt 0.516797 0.549239
vt 0.476287 0.450761
vt 0.476287 0.549239
vt 0.521631 0.450761
vt 0.523549 0.450761
vt 0.523549 0.549239
vt 0.521631 0.549239
vt 0.400202 0.450761
vt 0.406592 0.450761
vt 0.406592 0.549239
vt 0.400202 0.549239
vt 0.493511 0.450761
vt 0.488110 0.450761
vt 0.488110 0.549239
vt 0.493511 0.549239
vt 0.362273 0.450761
vt 0.362273 0.549239
vt 0.501729 0.450761
vt 0.501729 0.549239
vt 0.473254 0.450761
vt 0.473254 0.549239
vt 0.444836 0.450761
vt 0.444836 0.549239
vt 0.533047 0.450761
vt 0.533047 0.549239
vt -0.100492 0.450761
vt -0.096505 0.450761
vt -0.096505 0.549239
vt -0.100492 0.549239
vt 0.478262 0.450761
vt 0.478262 0.549239
vt 0.530430 0.450761
vt 0.530430 0.549239
vt 0.393241 0.450761
vt 0.393241 0.549239
vt 0.442211 0.450761
vt 0.442211 0.549239
vt 0.488849 0.450761
vt 0.488849 0.549239
vt 0.469500 0.450761
vt 0.469500 0.549239
vt 0.369768 0.450761
vt 0.369768 0.549239
vt 0.482176 0.450761
vt 0.482176 0.549239
vt 0.439723 0.450761
vt 0.439723 0.549239
vt 0.529102 0.450761
vt 0.529102 0.549239
vt 0.477611 0.450761
vt 0.477611 0.549239
vt 0.467020 0.450761
vt 0.467020 0.549239
vt 0.527249 0.450761
vt 0.527249 0.549239
vt 0.469987 0.450761
vt 0.469987 0.549239
vt 0.519620 0.450761
vt 0.519620 0.549239
vt 0.385746 0.450761
vt 0.385746 0.549239
vt 0.437314 0.450761
vt 0.437314 0.549239
vt -0.177750 0.450761
vt -0.117252 0.450761
vt -0.117252 0.549239
vt -0.177750 0.549239
vt 0.463353 0.450761
vt 0.463353 0.549239
vt 0.517529 0.450761
vt 0.517529 0.549239
vt 0.434927 0.450761
vt 0.434927 0.549239
vt 0.525438 0.450761
vt 0.525438 0.549239
vt 0.467467 0.450761
vt 0.467467 0.549239
vt 0.500871 0.450761
vt 0.493254 0.450761
vt 0.493254 0.549239
vt 0.500871 0.549239
vt 0.524359 0.450761
vt 0.524359 0.549239
vt 0.466513 0.450761
vt 0.466513 0.549239
vt 0.515372 0.450761
vt 0.515372 0.549239
vt 0.432504 0.450761
vt 0.432504 0.549239
vt 0.457870 0.450761
vt 0.457870 0.549239
vt 0.484224 0.450761
vt 0.484224 0.549239
vt 0.508531 0.450761
vt 0.508531 0.549239
vt 0.486128 0.450761
vt 0.486128 0.549239
vt 0.429989 0.450761
vt 0.429989 0.549239
vt 0.522034 0.450761
vt 0.522034 0.549239
vt 0.448273 0.450761
vt 0.448273 0.549239
vt 0.462608 0.450761
vt 0.462608 0.549239
vt 0.521769 0.450761
vt 0.521769 0.549239
vt 0.513158 0.450761
vt 0.513158 0.549239
vt 0.427324 0.450761
vt 0.427324 0.549239
vt 0.438129 0.450761
vt 0.438129 0.549239
vt 0.461229 0.450761
vt 0.461229 0.549239
vt 0.515780 0.450761
vt 0.515780 0.549239
vt 0.462857 0.450761
vt 0.462857 0.549239
vt 0.510902 0.450761
vt 0.510902 0.549239
vt 0.479524 0.450761
vt 0.479524 0.549239
vt 0.424450 0.450761
vt 0.424450 0.549239
vt 0.518869 0.450761
vt 0.518869 0.549239
vt 0.426890 0.450761
vt 0.426890 0.549239
vt 0.761942 0.450761
vt 0.759372 0.450761
vt 0.759372 0.549239
vt 0.761942 0.549239
vt -0.078643 0.450761
vt -0.019247 0.450761
vt -0.019247 0.549239
vt -0.078643 0.549239
vt 0.455150 0.450761
vt 0.455150 0.549239
vt 0.508614 0.450761
vt 0.508614 0.549239
vt 0.421312 0.450761
vt 0.421312 0.549239
vt 0.482641 0.450761
vt 0.482641 0.549239
vt 0.522568 0.450761
vt 0.522568 0.549239
vt 0.756335 0.450761
vt 0.756335 0.549239
vt 0.584974 0.450761
vt 0.584974 0.549239
vt 0.458800 0.450761
vt 0.458800 0.549239
vt 0.473475 0.450761
vt 0.473475 0.549239
vt 0.417851 0.450761
vt 0.417851 0.549239
vt 0.490532 0.450761
vt 0.490532 0.549239
vt 0.255082 0.450761
vt 0.315453 0.450761
vt 0.315453 0.549239
vt 0.255082 0.549239
vt 0.088914 0.450761
vt 0.071717 0.450761
vt 0.071717 0.549239
vt 0.088914 0.549239
vt 0.515921 0.450761
vt 0.515921 0.549239
vt 0.455796 0.450761
vt 0.455796 0.549239
vt 0.528848 0.450761
vt 0.528848 0.549239
vt 0.369768 0.450761
vt 0.369768 0.549239
vt 0.752830 0.450761
vt 0.752830 0.549239
vt 0.506307 0.450761
vt 0.506307 0.549239
vt 0.468015 0.450761
vt 0.468015 0.549239
vt 0.486034 0.450761
vt 0.519060 0.450761
vt 0.519060 0.549239
vt 0.486034 0.549239
vt 0.455953 0.450761
vt 0.455953 0.549239
vt 0.385746 0.450761
vt 0.385746 0.549239
vt 0.454992 0.450761
vt 0.454992 0.549239
vt 0.503994 0.450761
vt 0.503994 0.549239
vt 0.513171 0.450761
vt 0.513171 0.549239
vt 0.534570 0.450761
vt 0.534570 0.549239
vt 0.393241 0.450761
vt 0.393241 0.549239
vt 0.748858 0.450761
vt 0.748858 0.549239
vt 0.501685 0.450761
vt 0.501685 0.549239
vt 0.463176 0.450761
vt 0.463176 0.549239
vt 0.362273 0.450761
vt 0.362273 0.549239
vt 0.451213 0.450761
vt 0.451213 0.549239
vt 0.497132 0.450761
vt 0.497132 0.549239
vt 0.744419 0.450761
vt 0.744419 0.549239
vt 0.449237 0.450761
vt 0.449237 0.549239
vt 0.499394 0.450761
vt 0.499394 0.549239
vt 0.568557 0.450761
vt 0.573705 0.450761
vt 0.573705 0.549239
vt 0.568557 0.549239
vt 0.400202 0.450761
vt 0.400202 0.549239
vt 0.739512 0.450761
vt 0.739512 0.549239
vt 0.447515 0.450761
vt 0.447515 0.549239
vt 0.570488 0.450761
vt 0.565521 0.450761
vt 0.565521 0.549239
vt 0.570488 0.549239
vt 0.355312 0.450761
vt 0.355312 0.549239
vt 0.477129 0.450761
vt 0.477129 0.549239
vt 0.107356 0.450761
vt 0.054521 0.450761
vt 0.054521 0.549239
vt 0.107356 0.549239
vt 0.451451 0.450761
vt 0.451451 0.549239
vt 0.780431 0.450761
vt 0.783013 0.450761
vt 0.783013 0.549239
vt 0.780431 0.549239
vt 0.045051 0.450761
vt 0.117324 0.450761
vt 0.117324 0.549239
vt 0.045051 0.549239
vt 0.406592 0.450761
vt 0.406592 0.549239
vt 0.448199 0.450761
vt 0.448199 0.549239
vt 0.471815 0.450761
vt 0.471815 0.549239
vt 0.348922 0.450761
vt 0.348922 0.549239
vt 0.471598 0.450761
vt 0.471598 0.549239
vt 0.512950 0.450761
vt 0.490520 0.450761
vt 0.490520 0.549239
vt 0.512950 0.549239
vt -0.001303 0.450761
vt 0.059184 0.450761
vt 0.059184 0.549239
vt -0.001303 0.549239
vt 0.575236 0.450761
vt 0.575236 0.549239
vt 0.414010 0.450761
vt 0.464103 0.450761
vt 0.464103 0.549239
vt 0.414010 0.549239
vt 0.497417 0.450761
vt 0.501369 0.450761
vt 0.501369 0.549239
vt 0.497417 0.549239
vt 0.413394 0.450761
vt 0.413394 0.549239
vt 0.777496 0.450761
vt 0.777496 0.549239
vt 0.106984 0.450761
vt 0.164925 0.450761
vt 0.164925 0.549239
vt 0.106984 0.549239
vt 0.466075 0.450761
vt 0.466075 0.549239
vt 0.774197 0.450761
vt 0.774197 0.549239
s 1
f 152/1/1 151/2/1 155/3/1
f 155/3/1 151/2/1 156/4/1
f 156/4/1 151/2/1 150/5/1
f 150/5/1 149/6/1 148/7/1
f 150/5/1 148/7/1 173/8/1
f 150/5/1 173/8/1 159/9/1
f 159/9/1 173/8/1 160/10/1
f 160/10/1 173/8/1 172/11/1
f 152/1/1 155/3/1 154/12/1
f 157/13/1 156/4/1 150/5/1
f 150/5/1 159/9/1 158/14/1
f 161/15/1 160/10/1 172/11/1
f 161/15/1 172/11/1 171/16/1
f 161/15/1 171/16/1 170/17/1
f 157/13/1 150/5/1 158/14/1
f 161/15/1 170/17/1 169/18/1
f 161/15/1 169/18/1 168/19/1
f 153/20/1 152/1/1 154/12/1
f 161/15/1 168/19/1 167/21/1
f 161/15/1 167/21/1 166/22/1
f 161/15/1 166/22/1 165/23/1
f 161/15/1 165/23/1 164/24/1
f 161/15/1 164/24/1 163/25/1
f 161/15/1 163/25/1 162/26/1
f 176/27/1 175/28/1 174/29/1
f 176/27/1 174/29/1 184/30/1
f 184/30/1 174/29/1 182/31/1
f 182/31/1 174/29/1 183/32/1
f 183/32/1 174/29/1 181/33/1
f 176/27/1 184/30/1 178/34/1
f 178/34/1 184/30/1 183/32/1
f 178/34/1 183/32/1 179/35/1
f 179/35/1 183/32/1 181/33/1
f 176/27/1 178/34/1 177/36/1
f 180/37/1 179/35/1 181/33/1
f 186/38/1 185/39/1 252/40/1
f 252/40/1 185/39/1 251/41/1
f 252/40/1 251/41/1 250/42/1
f 252/40/1 250/42/1 249/43/1
f 252/40/1 249/43/1 248/44/1
f 252/40/1 248/44/1 247/45/1
f 252/40/1 247/45/1 246/46/1
f 252/40/1 246/46/1 245/47/1
f 252/40/1 245/47/1 244/48/1
f 252/40/1 244/48/1 253/49/1
f 253/49/1 244/48/1 243/50/1
f 186/38/1 252/40/1 188/51/1
f 188/51/1 252/40/1 278/52/1
f 254/53/1 253/49/1 243/50/1
f 255/54/1 254/53/1 243/50/1
f 256/55/1 255/54/1 243/50/1
f 256/55/1 243/50/1 242/56/1
f 257/57/1 256/55/1 242/56/1
f 258/58/1 257/57/1 242/56/1
f 259/59/1 258/58/1 242/56/1
f 259/59/1 242/56/1 241/60/1
f 260/61/1 259/59/1 241/60/1
f 261/62/1 260/61/1 241/60/1
f 262/63/1 261/62/1 241/60/1
f 262/63/1 241/60/1 240/64/1
f 263/65/1 262/63/1 240/64/1
f 264/66/1 263/65/1 240/64/1
f 264/66/1 240/64/1 239/67/1
f 265/68/1 264/66/1 239/67/1
f 266/69/1 265/68/1 239/67/1
f 188/51/1 278/52/1 277/70/1
f 266/69/1 239/67/1 238/71/1
f 267/72/1 266/69/1 238/71/1
f 267/72/1 238/71/1 237/73/1
f 268/74/1 267/72/1 237/73/1
f 269/75/1 268/74/1 237/73/1
f 269/75/1 237/73/1 236/76/1
f 270/77/1 269/75/1 236/76/1
f 270/77/1 236/76/1 235/78/1
f 271/79/1 270/77/1 235/78/1
f 271/79/1 235/78/1 234/80/1
f 272/81/1 271/79/1 234/80/1
f 273/82/1 272/81/1 234/80/1
f 273/82/1 234/80/1 233/83/1
f 274/84/1 273/82/1 233/83/1
f 275/85/1 274/84/1 233/83/1
f 275/85/1 233/83/1 232/86/1
f 276/87/1 275/85/1 232/86/1
f 277/70/1 276/87/1 232/86/1
f 188/51/1 277/70/1 232/86/1
f 188/51/1 232/86/1 231/88/1
f 188/51/1 231/88/1 230/89/1
f 188/51/1 230/89/1 229/90/1
f 188/51/1 229/90/1 228/91/1
f 188/51/1 228/91/1 227/92/1
f 188/51/1 227/92/1 226/93/1
f 188/51/1 226/93/1 225/94/1
f 188/51/1 225/94/1 189/95/1
f 189/95/1 225/94/1 190/96/1
f 190/96/1 225/94/1 224/97/1
f 186/38/1 188/51/1 187/98/1
f 191/99/1 190/96/1 224/97/1
f 192/100/1 191/99/1 224/97/1
f 193/101/1 192/100/1 224/97/1
f 193/101/1 224/97/1 223/102/1
f 194/103/1 193/101/1 223/102/1
f 195/104/1 194/103/1 223/102/1
f 195/104/1 223/102/1 222/105/1
f 196/106/1 195/104/1 222/105/1
f 196/106/1 222/105/1 221/107/1
f 197/108/1 196/106/1 221/107/1
f 197/108/1 221/107/1 220/109/1
f 198/110/1 197/108/1 220/109/1
f 198/110/1 220/109/1 219/111/1
f 199/112/1 198/110/1 219/111/1
f 199/112/1 219/111/1 218/113/1
f 200/114/1 199/112/1 218/113/1
f 200/114/1 218/113/1 217/115/1
f 200/114/1 217/115/1 216/116/1
f 201/117/1 200/114/1 216/116/1
f 201/117/1 216/116/1 215/118/1
f 202/119/1 201/117/1 215/118/1
f 202/119/1 215/118/1 214/120/1
f 202/119/1 214/120/1 213/121/1
f 202/119/1 213/121/1 212/122/1
f 202/119/1 212/122/1 211/123/1
f 202/119/1 211/123/1 210/124/1
f 202/119/1 210/124/1 209/125/1
f 202/119/1 209/125/1 208/126/1
f 202/119/1 208/126/1 207/127/1
f 202/119/1 207/127/1 206/128/1
f 202/119/1 206/128/1 205/129/1
f 202/119/1 205/129/1 204/130/1
f 202/119/1 204/130/1 203/131/1
f 292/132/1 291/133/1 290/134/1
f 292/132/1 290/134/1 289/135/1
f 293/136/1 292/132/1 289/135/1
f 293/136/1 289/135/1 288/137/1
f 294/138/1 293/136/1 288/137/1
f 294/138/1 288/137/1 287/139/1
f 295/140/1 294/138/1 287/139/1
f 296/141/1 295/140/1 287/139/1
f 296/141/1 287/139/1 286/142/1
f 297/143/1 296/141/1 286/142/1
f 297/143/1 286/142/1 363/144/1
f 363/144/1 286/142/1 285/145/1
f 297/143/1 363/144/1 362/146/1
f 364/147/1 363/144/1 285/145/1
f 297/143/1 362/146/1 361/148/1
f 365/149/1 364/147/1 285/145/1
f 298/150/1 297/143/1 361/148/1
f 365/149/1 285/145/1 284/151/1
f 298/150/1 361/148/1 360/152/1
f 366/153/1 365/149/1 284/151/1
f 298/150/1 360/152/1 359/154/1
f 367/155/1 366/153/1 284/151/1
f 298/150/1 359/154/1 358/156/1
f 368/157/1 367/155/1 284/151/1
f 299/158/1 298/150/1 358/156/1
f 368/157/1 284/151/1 283/159/1
f 299/158/1 358/156/1 357/160/1
f 369/161/1 368/157/1 283/159/1
f 299/158/1 357/160/1 356/162/1
f 370/163/1 369/161/1 283/159/1
f 300/164/1 299/158/1 356/162/1
f 370/163/1 283/159/1 282/165/1
f 300/164/1 356/162/1 355/166/1
f 371/167/1 370/163/1 282/165/1
f 301/168/1 300/164/1 355/166/1
f 371/167/1 282/165/1 281/169/1
f 301/168/1 355/166/1 354/170/1
f 372/171/1 371/167/1 281/169/1
f 301/168/1 354/170/1 353/172/1
f 373/173/1 372/171/1 281/169/1
f 302/174/1 301/168/1 353/172/1
f 373/173/1 281/169/1 280/175/1
f 302/174/1 353/172/1 352/176/1
f 374/177/1 373/173/1 280/175/1
f 303/178/1 302/174/1 352/176/1
f 374/177/1 280/175/1 279/179/1
f 303/178/1 352/176/1 351/180/1
f 327/181/1 374/177/1 279/179/1
f 304/182/1 303/178/1 351/180/1
f 304/182/1 351/180/1 350/183/1
f 328/184/1 327/181/1 279/179/1
f 328/184/1 279/179/1 326/185/1
f 304/182/1 350/183/1 349/186/1
f 329/187/1 328/184/1 326/185/1
f 305/188/1 304/182/1 349/186/1
f 329/187/1 326/185/1 325/189/1
f 305/188/1 349/186/1 348/190/1
f 330/191/1 329/187/1 325/189/1
f 306/192/1 305/188/1 348/190/1
f 330/191/1 325/189/1 324/193/1
f 331/194/1 330/191/1 324/193/1
f 306/192/1 348/190/1 347/195/1
f 332/196/1 331/194/1 324/193/1
f 306/192/1 347/195/1 346/197/1
f 307/198/1 306/192/1 346/197/1
f 332/196/1 324/193/1 323/199/1
f 333/200/1 332/196/1 323/199/1
f 307/198/1 346/197/1 345/201/1
f 308/202/1 307/198/1 345/201/1
f 333/200/1 323/199/1 322/203/1
f 334/204/1 333/200/1 322/203/1
f 308/202/1 345/201/1 344/205/1
f 335/206/1 334/204/1 322/203/1
f 308/202/1 344/205/1 343/207/1
f 309/208/1 308/202/1 343/207/1
f 335/206/1 322/203/1 321/209/1
f 336/210/1 335/206/1 321/209/1
f 309/208/1 343/207/1 342/211/1
f 337/212/1 336/210/1 321/209/1
f 309/208/1 342/211/1 341/213/1
f 338/214/1 337/212/1 321/209/1
f 309/208/1 341/213/1 340/215/1
f 310/216/1 309/208/1 340/215/1
f 338/214/1 321/209/1 320/217/1
f 339/218/1 338/214/1 320/217/1
f 310/216/1 340/215/1 339/218/1
f 310/216/1 339/218/1 320/217/1
f 311/219/1 310/216/1 320/217/1
f 311/219/1 320/217/1 319/220/1
f 312/221/1 311/219/1 319/220/1
f 312/221/1 319/220/1 318/222/1
f 313/223/1 312/221/1 318/222/1
f 313/223/1 318/222/1 317/224/1
f 314/225/1 313/223/1 317/224/1
f 314/225/1 317/224/1 316/226/1
f 315/227/1 314/225/1 316/226/1
f 400/228/1 399/229/1 398/230/1
f 401/231/1 400/228/1 398/230/1
f 401/231/1 398/230/1 397/232/1
f 402/233/1 401/231/1 397/232/1
f 402/233/1 397/232/1 396/234/1
f 403/235/1 402/233/1 396/234/1
f 403/235/1 396/234/1 395/236/1
f 404/237/1 403/235/1 395/236/1
f 404/237/1 395/236/1 394/238/1
f 405/239/1 404/237/1 394/238/1
f 405/239/1 394/238/1 393/240/1
f 406/241/1 405/239/1 393/240/1
f 406/241/1 393/240/1 392/242/1
f 407/243/1 406/241/1 459/244/1
f 459/244/1 406/241/1 460/245/1
f 460/245/1 406/241/1 392/242/1
f 461/246/1 460/245/1 392/242/1
f 407/243/1 459/244/1 458/247/1
f 462/248/1 461/246/1 392/242/1
f 462/248/1 392/242/1 391/249/1
f 407/243/1 458/247/1 457/250/1
f 463/251/1 462/248/1 391/249/1
f 407/243/1 457/250/1 456/252/1
f 464/253/1 463/251/1 391/249/1
f 408/254/1 407/243/1 456/252/1
f 408/254/1 456/252/1 455/255/1
f 465/256/1 464/253/1 391/249/1
f 408/254/1 455/255/1 454/257/1
f 466/258/1 465/256/1 391/249/1
f 466/258/1 391/249/1 390/259/1
f 408/254/1 454/257/1 453/260/1
f 409/261/1 408/254/1 453/260/1
f 467/262/1 466/258/1 390/259/1
f 409/261/1 453/260/1 452/263/1
f 468/264/1 467/262/1 390/259/1
f 409/261/1 452/263/1 451/265/1
f 468/264/1 390/259/1 389/266/1
f 410/267/1 409/261/1 451/265/1
f 469/268/1 468/264/1 389/266/1
f 410/267/1 451/265/1 450/269/1
f 470/270/1 469/268/1 389/266/1
f 410/267/1 450/269/1 449/271/1
f 411/272/1 410/267/1 449/271/1
f 470/270/1 389/266/1 388/273/1
f 471/274/1 470/270/1 388/273/1
f 411/272/1 449/271/1 448/275/1
f 472/276/1 471/274/1 388/273/1
f 411/272/1 448/275/1 507/277/1
f 412/278/1 411/272/1 507/277/1
f 472/276/1 388/273/1 387/279/1
f 412/278/1 507/277/1 506/280/1
f 473/281/1 472/276/1 387/279/1
f 474/282/1 473/281/1 387/279/1
f 475/283/1 474/282/1 387/279/1
f 476/284/1 475/283/1 387/279/1
f 413/285/1 412/278/1 506/280/1
f 413/285/1 506/280/1 505/286/1
f 477/287/1 476/284/1 387/279/1
f 478/288/1 477/287/1 387/279/1
f 479/289/1 478/288/1 387/279/1
f 413/285/1 505/286/1 504/290/1
f 480/291/1 479/289/1 387/279/1
f 480/291/1 387/279/1 386/292/1
f 481/293/1 480/291/1 386/292/1
f 482/294/1 481/293/1 386/292/1
f 413/285/1 504/290/1 503/295/1
f 414/296/1 413/285/1 503/295/1
f 483/297/1 482/294/1 386/292/1
f 484/298/1 483/297/1 386/292/1
f 414/296/1 503/295/1 502/299/1
f 485/300/1 484/298/1 386/292/1
f 414/296/1 502/299/1 501/301/1
f 486/302/1 485/300/1 386/292/1
f 415/303/1 414/296/1 501/301/1
f 487/304/1 486/302/1 386/292/1
f 415/303/1 501/301/1 500/305/1
f 488/306/1 487/304/1 386/292/1
f 488/306/1 386/292/1 385/307/1
f 489/308/1 488/306/1 385/307/1
f 415/303/1 500/305/1 499/309/1
f 490/310/1 489/308/1 385/307/1
f 491/311/1 490/310/1 385/307/1
f 415/303/1 499/309/1 498/312/1
f 492/313/1 491/311/1 385/307/1
f 416/314/1 415/303/1 498/312/1
f 416/314/1 498/312/1 497/315/1
f 493/316/1 492/313/1 385/307/1
f 494/317/1 493/316/1 385/307/1
f 416/314/1 497/315/1 496/318/1
f 495/319/1 494/317/1 385/307/1
f 496/318/1 495/319/1 385/307/1
f 416/314/1 496/318/1 385/307/1
f 417/320/1 416/314/1 385/307/1
f 417/320/1 385/307/1 384/321/1
f 418/322/1 417/320/1 384/321/1
f 419/323/1 418/322/1 435/324/1
f 435/324/1 418/322/1 384/321/1
f 419/323/1 435/324/1 434/325/1
f 436/326/1 435/324/1 384/321/1
f 420/327/1 419/323/1 434/325/1
f 436/326/1 384/321/1 383/328/1
f 420/327/1 434/325/1 433/329/1
f 420/327/1 433/329/1 432/330/1
f 420/327/1 432/330/1 431/331/1
f 421/332/1 420/327/1 431/331/1
f 421/332/1 431/331/1 430/333/1
f 421/332/1 430/333/1 429/334/1
f 421/332/1 429/334/1 428/335/1
f 437/336/1 436/326/1 383/328/1
f 422/337/1 421/332/1 428/335/1
f 422/337/1 428/335/1 427/338/1
f 422/337/1 427/338/1 426/339/1
f 422/337/1 426/339/1 425/340/1
f 423/341/1 422/337/1 425/340/1
f 423/341/1 425/340/1 424/342/1
f 438/343/1 437/336/1 383/328/1
f 438/343/1 383/328/1 382/344/1
f 439/345/1 438/343/1 382/344/1
f 439/345/1 382/344/1 381/346/1
f 440/347/1 439/345/1 381/346/1
f 441/348/1 440/347/1 381/346/1
f 441/348/1 381/346/1 380/349/1
f 442/350/1 441/348/1 380/349/1
f 443/351/1 442/350/1 380/349/1
f 443/351/1 380/349/1 379/352/1
f 444/353/1 443/351/1 379/352/1
f 445/354/1 444/353/1 379/352/1
f 445/354/1 379/352/1 378/355/1
f 446/356/1 445/354/1 378/355/1
f 447/357/1 446/356/1 378/355/1
f 447/357/1 378/355/1 377/358/1
f 375/359/1 447/357/1 377/358/1
f 375/359/1 377/358/1 376/360/1
f 509/361/1 508/362/1 580/363/1
f 510/364/1 509/361/1 580/363/1
f 511/365/1 510/364/1 580/363/1
f 511/365/1 580/363/1 579/366/1
f 511/365/1 579/366/1 578/367/1
f 512/368/1 511/365/1 578/367/1
f 512/368/1 578/367/1 577/369/1
f 512/368/1 577/369/1 576/370/1
f 513/371/1 512/368/1 576/370/1
f 513/371/1 576/370/1 575/372/1
f 513/371/1 575/372/1 574/373/1
f 514/374/1 513/371/1 574/373/1
f 514/374/1 574/373/1 573/375/1
f 514/374/1 573/375/1 572/376/1
f 515/377/1 514/374/1 572/376/1
f 515/377/1 572/376/1 571/378/1
f 516/379/1 515/377/1 571/378/1
f 516/379/1 571/378/1 570/380/1
f 516/379/1 570/380/1 569/381/1
f 517/382/1 516/379/1 569/381/1
f 557/383/1 556/384/1 555/385/1
f 558/386/1 557/383/1 555/385/1
f 559/387/1 558/386/1 555/385/1
f 559/387/1 555/385/1 554/388/1
f 560/389/1 559/387/1 554/388/1
f 561/390/1 560/389/1 554/388/1
f 517/382/1 569/381/1 568/391/1
f 562/392/1 561/390/1 554/388/1
f 562/392/1 554/388/1 553/393/1
f 563/394/1 562/392/1 553/393/1
f 564/395/1 563/394/1 553/393/1
f 565/396/1 564/395/1 553/393/1
f 565/396/1 553/393/1 552/397/1
f 566/398/1 565/396/1 552/397/1
f 567/399/1 566/398/1 552/397/1
f 568/391/1 567/399/1 552/397/1
f 568/391/1 552/397/1 551/400/1
f 517/382/1 568/391/1 551/400/1
f 518/401/1 517/382/1 551/400/1
f 518/401/1 551/400/1 550/402/1
f 518/401/1 550/402/1 549/403/1
f 519/404/1 518/401/1 590/405/1
f 590/405/1 518/401/1 591/406/1
f 591/406/1 518/401/1 549/403/1
f 591/406/1 549/403/1 592/407/1
f 592/407/1 549/403/1 593/408/1
f 593/408/1 549/403/1 548/409/1
f 594/410/1 593/408/1 548/409/1
f 595/411/1 594/410/1 548/409/1
f 519/404/1 590/405/1 589/412/1
f 519/404/1 589/412/1 588/413/1
f 596/414/1 595/411/1 548/409/1
f 596/414/1 548/409/1 547/415/1
f 519/404/1 588/413/1 587/416/1
f 519/404/1 587/416/1 586/417/1
f 597/418/1 596/414/1 547/415/1
f 519/404/1 586/417/1 585/419/1
f 598/420/1 597/418/1 547/415/1
f 519/404/1 585/419/1 584/421/1
f 519/404/1 584/421/1 583/422/1
f 599/423/1 598/420/1 547/415/1
f 519/404/1 583/422/1 582/424/1
f 520/425/1 519/404/1 582/424/1
f 599/423/1 547/415/1 546/426/1
f 520/425/1 582/424/1 581/427/1
f 600/428/1 599/423/1 546/426/1
f 520/425/1 581/427/1 628/429/1
f 601/430/1 600/428/1 546/426/1
f 602/431/1 601/430/1 546/426/1
f 602/431/1 546/426/1 545/432/1
f 520/425/1 628/429/1 627/433/1
f 603/434/1 602/431/1 545/432/1
f 521/435/1 520/425/1 627/433/1
f 604/436/1 603/434/1 545/432/1
f 604/436/1 545/432/1 544/437/1
f 521/435/1 627/433/1 626/438/1
f 605/439/1 604/436/1 544/437/1
f 522/440/1 521/435/1 626/438/1
f 606/441/1 605/439/1 544/437/1
f 606/441/1 544/437/1 543/442/1
f 522/440/1 626/438/1 625/443/1
f 607/444/1 606/441/1 543/442/1
f 522/440/1 625/443/1 624/445/1
f 607/444/1 543/442/1 542/446/1
f 523/447/1 522/440/1 624/445/1
f 608/448/1 607/444/1 542/446/1
f 609/449/1 608/448/1 542/446/1
f 523/447/1 624/445/1 623/450/1
f 609/449/1 542/446/1 541/451/1
f 610/452/1 609/449/1 541/451/1
f 524/453/1 523/447/1 623/450/1
f 524/453/1 623/450/1 622/454/1
f 611/455/1 610/452/1 541/451/1
f 524/453/1 622/454/1 621/456/1
f 611/455/1 541/451/1 540/457/1
f 612/458/1 611/455/1 540/457/1
f 525/459/1 524/453/1 621/456/1
f 525/459/1 621/456/1 620/460/1
f 613/461/1 612/458/1 540/457/1
f 614/462/1 613/461/1 540/457/1
f 525/459/1 620/460/1 619/463/1
f 614/462/1 540/457/1 539/464/1
f 615/465/1 614/462/1 539/464/1
f 525/459/1 619/463/1 618/466/1
f 616/467/1 615/465/1 539/464/1
f 525/459/1 618/466/1 617/468/1
f 617/468/1 616/467/1 539/464/1
f 525/459/1 617/468/1 539/464/1
f 526/469/1 525/459/1 539/464/1
f 526/469/1 539/464/1 538/470/1
f 527/471/1 526/469/1 538/470/1
f 527/471/1 538/470/1 537/472/1
f 528/473/1 527/471/1 537/472/1
f 528/473/1 537/472/1 536/474/1
f 529/475/1 528/473/1 536/474/1
f 529/475/1 536/474/1 535/476/1
f 530/477/1 529/475/1 535/476/1
f 530/477/1 535/476/1 534/478/1
f 531/479/1 530/477/1 534/478/1
f 531/479/1 534/478/1 533/480/1
f 532/481/1 531/479/1 533/480/1
f 136/482/1 135/483/1 134/484/1
f 137/485/1 136/482/1 134/484/1
f 138/486/1 137/485/1 134/484/1
f 138/486/1 134/484/1 133/487/1
f 139/488/1 138/486/1 133/487/1
f 140/489/1 139/488/1 133/487/1
f 141/490/1 140/489/1 133/487/1
f 141/490/1 133/487/1 132/491/1
f 142/492/1 141/490/1 132/491/1
f 143/493/1 142/492/1 132/491/1
f 144/494/1 143/493/1 132/491/1
f 144/494/1 132/491/1 131/495/1
f 145/496/1 144/494/1 131/495/1
f 146/497/1 145/496/1 131/495/1
f 146/497/1 131/495/1 130/498/1
f 147/499/1 146/497/1 130/498/1
f 1/500/1 147/499/1 2/501/1
f 2/501/1 147/499/1 3/502/1
f 3/502/1 147/499/1 4/503/1
f 4/503/1 147/499/1 5/504/1
f 5/504/1 147/499/1 130/498/1
f 5/504/1 130/498/1 6/505/1
f 6/505/1 130/498/1 7/506/1
f 7/506/1 130/498/1 129/507/1
f 7/506/1 129/507/1 8/508/1
f 8/508/1 129/507/1 9/509/1
f 9/509/1 129/507/1 128/510/1
f 9/509/1 128/510/1 10/511/1
f 10/511/1 128/510/1 11/512/1
f 11/512/1 128/510/1 12/513/1
f 12/513/1 128/510/1 127/514/1
f 12/513/1 127/514/1 13/515/1
f 13/515/1 127/514/1 14/516/1
f 14/516/1 127/514/1 126/517/1
f 15/518/1 14/516/1 126/517/1
f 16/519/1 15/518/1 126/517/1
f 17/520/1 16/519/1 126/517/1
f 17/520/1 126/517/1 125/521/1
f 18/522/1 17/520/1 125/521/1
f 19/523/1 18/522/1 125/521/1
f 20/524/1 19/523/1 125/521/1
f 20/524/1 125/521/1 124/525/1
f 21/526/1 20/524/1 124/525/1
f 22/527/1 21/526/1 124/525/1
f 22/527/1 124/525/1 123/528/1
f 23/529/1 22/527/1 123/528/1
f 24/530/1 23/529/1 123/528/1
f 24/530/1 123/528/1 122/531/1
f 25/532/1 24/530/1 122/531/1
f 26/533/1 25/532/1 122/531/1
f 26/533/1 122/531/1 121/534/1
f 27/535/1 26/533/1 121/534/1
f 27/535/1 121/534/1 120/536/1
f 28/537/1 27/535/1 120/536/1
f 28/537/1 120/536/1 119/538/1
f 29/539/1 28/537/1 119/538/1
f 29/539/1 119/538/1 118/540/1
f 30/541/1 29/539/1 118/540/1
f 30/541/1 118/540/1 117/542/1
f 31/543/1 30/541/1 117/542/1
f 32/544/1 31/543/1 117/542/1
f 32/544/1 117/542/1 116/545/1
f 33/546/1 32/544/1 116/545/1
f 33/546/1 116/545/1 115/547/1
f 34/548/1 33/546/1 115/547/1
f 35/549/1 34/548/1 115/547/1
f 36/550/1 35/549/1 115/547/1
f 36/550/1 115/547/1 114/551/1
f 37/552/1 36/550/1 114/551/1
f 38/553/1 37/552/1 114/551/1
f 38/553/1 114/551/1 113/554/1
f 38/553/1 113/554/1 112/555/1
f 38/553/1 112/555/1 111/556/1
f 38/553/1 111/556/1 110/557/1
f 38/553/1 110/557/1 109/558/1
f 38/553/1 109/558/1 108/559/1
f 38/553/1 108/559/1 107/560/1
f 38/553/1 107/560/1 106/561/1
f 38/553/1 106/561/1 39/562/1
f 39/562/1 106/561/1 105/563/1
f 40/564/1 39/562/1 105/563/1
f 41/565/1 40/564/1 105/563/1
f 42/566/1 41/565/1 105/563/1
f 42/566/1 105/563/1 104/567/1
f 43/568/1 42/566/1 104/567/1
f 44/569/1 43/568/1 104/567/1
f 44/569/1 104/567/1 103/570/1
f 45/571/1 44/569/1 103/570/1
f 45/571/1 103/570/1 102/572/1
f 46/573/1 45/571/1 102/572/1
f 47/574/1 46/573/1 102/572/1
f 47/574/1 102/572/1 101/575/1
f 48/576/1 47/574/1 101/575/1
f 48/576/1 101/575/1 100/577/1
f 49/578/1 48/576/1 100/577/1
f 49/578/1 100/577/1 99/579/1
f 50/580/1 49/578/1 99/579/1
f 50/580/1 99/579/1 98/581/1
f 51/582/1 50/580/1 98/581/1
f 52/583/1 51/582/1 98/581/1
f 52/583/1 98/581/1 97/584/1
f 53/585/1 52/583/1 97/584/1
f 54/586/1 53/585/1 97/584/1
f 54/586/1 97/584/1 96/587/1
f 75/588/1 74/589/1 73/590/1
f 55/591/1 54/586/1 96/587/1
f 75/588/1 73/590/1 72/592/1
f 56/593/1 55/591/1 96/587/1
f 75/588/1 72/592/1 71/594/1
f 56/593/1 96/587/1 95/595/1
f 57/596/1 56/593/1 95/595/1
f 75/588/1 71/594/1 70/597/1
f 75/588/1 70/597/1 69/598/1
f 58/599/1 57/596/1 95/595/1
f 75/588/1 69/598/1 68/600/1
f 59/601/1 58/599/1 95/595/1
f 75/588/1 68/600/1 67/602/1
f 75/588/1 67/602/1 66/603/1
f 60/604/1 59/601/1 95/595/1
f 60/604/1 95/595/1 94/605/1
f 75/588/1 66/603/1 65/606/1
f 61/607/1 60/604/1 94/605/1
f 75/588/1 65/606/1 64/608/1
f 75/588/1 64/608/1 63/609/1
f 62/610/1 61/607/1 94/605/1
f 75/588/1 63/609/1 62/610/1
f 75/588/1 62/610/1 94/605/1
f 75/588/1 94/605/1 93/611/1
f 75/588/1 93/611/1 92/612/1
f 75/588/1 92/612/1 91/613/1
f 76/614/1 75/588/1 91/613/1
f 77/615/1 76/614/1 91/613/1
f 78/616/1 77/615/1 91/613/1
f 78/616/1 91/613/1 90/617/1
f 79/618/1 78/616/1 90/617/1
f 80/619/1 79/618/1 90/617/1
f 80/619/1 90/617/1 89/620/1
f 81/621/1 80/619/1 89/620/1
f 82/622/1 81/621/1 89/620/1
f 83/623/1 82/622/1 89/620/1
f 83/623/1 89/620/1 88/624/1
f 84/625/1 83/623/1 88/624/1
f 85/626/1 84/625/1 88/624/1
f 85/626/1 88/624/1 87/627/1
f 86/628/1 85/626/1 87/627/1
f 780/1/2 783/3/2 779/2/2
f 783/3/2 784/4/2 779/2/2
f 784/4/2 778/5/2 779/2/2
f 778/5/2 776/7/2 777/6/2
f 778/5/2 801/8/2 776/7/2
f 778/5/2 787/9/2 801/8/2
f 787/9/2 788/10/2 801/8/2
f 788/10/2 800/11/2 801/8/2
f 780/1/2 782/12/2 783/3/2
f 785/13/2 778/5/2 784/4/2
f 778/5/2 786/14/2 787/9/2
f 789/15/2 800/11/2 788/10/2
f 789/15/2 799/16/2 800/11/2
f 789/15/2 798/17/2 799/16/2
f 785/13/2 786/14/2 778/5/2
f 789/15/2 797/18/2 798/17/2
f 789/15/2 796/19/2 797/18/2
f 781/20/2 782/12/2 780/1/2
f 789/15/2 795/21/2 796/19/2
f 789/15/2 794/22/2 795/21/2
f 789/15/2 793/23/2 794/22/2
f 789/15/2 792/24/2 793/23/2
f 789/15/2 791/25/2 792/24/2
f 789/15/2 790/26/2 791/25/2
f 804/27/2 802/29/2 803/28/2
f 804/27/2 812/30/2 802/29/2
f 812/30/2 810/31/2 802/29/2
f 810/31/2 811/32/2 802/29/2
f 811/32/2 809/33/2 802/29/2
f 804/27/2 806/34/2 812/30/2
f 806/34/2 811/32/2 812/30/2
f 806/34/2 807/35/2 811/32/2
f 807/35/2 809/33/2 811/32/2
f 804/27/2 805/36/2 806/34/2
f 808/37/2 809/33/2 807/35/2
f 814/38/2 880/40/2 813/39/2
f 880/40/2 879/41/2 813/39/2
f 880/40/2 878/42/2 879/41/2
f 880/40/2 877/43/2 878/42/2
f 880/40/2 876/44/2 877/43/2
f 880/40/2 875/45/2 876/44/2
f 880/40/2 874/46/2 875/45/2
f 880/40/2 873/47/2 874/46/2
f 880/40/2 872/48/2 873/47/2
f 880/40/2 881/49/2 872/48/2
f 881/49/2 871/50/2 872/48/2
f 814/38/2 816/51/2 880/40/2
f 816/51/2 906/52/2 880/40/2
f 882/53/2 871/50/2 881/49/2
f 883/54/2 871/50/2 882/53/2
f 884/55/2 871/50/2 883/54/2
f 884/55/2 870/56/2 871/50/2
f 885/57/2 870/56/2 884/55/2
f 886/58/2 870/56/2 885/57/2
f 887/59/2 870/56/2 886/58/2
f 887/59/2 869/60/2 870/56/2
f 888/61/2 869/60/2 887/59/2
f 889/62/2 869/60/2 888/61/2
f 890/63/2 869/60/2 889/62/2
f 890/63/2 868/64/2 869/60/2
f 891/65/2 868/64/2 890/63/2
f 892/66/2 868/64/2 891/65/2
f 892/66/2 867/67/2 868/64/2
f 893/68/2 867/67/2 892/66/2
f 894/69/2 867/67/2 893/68/2
f 816/51/2 905/70/2 906/52/2
f 894/69/2 866/71/2 867/67/2
f 895/72/2 866/71/2 894/69/2
f 895/72/2 865/73/2 866/71/2
f 896/74/2 865/73/2 895/72/2
f 897/75/2 865/73/2 896/74/2
f 897/75/2 864/76/2 865/73/2
f 898/77/2 864/76/2 897/75/2
f 898/77/2 863/78/2 864/76/2
f 899/79/2 863/78/2 898/77/2
f 899/79/2 862/80/2 863/78/2
f 900/81/2 862/80/2 899/79/2
f 901/82/2 862/80/2 900/81/2
f 901/82/2 861/83/2 862/80/2
f 902/84/2 861/83/2 901/82/2
f 903/85/2 861/83/2 902/84/2
f 903/85/2 860/86/2 861/83/2
f 904/87/2 860/86/2 903/85/2
f 905/70/2 860/86/2 904/87/2
f 816/51/2 860/86/2 905/70/2
f 816/51/2 859/88/2 860/86/2
f 816/51/2 858/89/2 859/88/2
f 816/51/2 857/90/2 858/89/2
f 816/51/2 856/91/2 857/90/2
f 816/51/2 855/92/2 856/91/2
f 816/51/2 854/93/2 855/92/2
f 816/51/2 853/94/2 854/93/2
f 816/51/2 817/95/2 853/94/2
f 817/95/2 818/96/2 853/94/2
f 818/96/2 852/97/2 853/94/2
f 814/38/2 815/98/2 816/51/2
f 819/99/2 852/97/2 818/96/2
f 820/100/2 852/97/2 819/99/2
f 821/101/2 852/97/2 820/100/2
f 821/101/2 851/102/2 852/97/2
f 822/103/2 851/102/2 821/101/2
f 823/104/2 851/102/2 822/103/2
f 823/104/2 850/105/2 851/102/2
f 824/106/2 850/105/2 823/104/2
f 824/106/2 849/107/2 850/105/2
f 825/108/2 849/107/2 824/106/2
f 825/108/2 848/109/2 849/107/2
f 826/110/2 848/109/2 825/108/2
f 826/110/2 847/111/2 848/109/2
f 827/112/2 847/111/2 826/110/2
f 827/112/2 846/113/2 847/111/2
f 828/114/2 846/113/2 827/112/2
f 828/114/2 845/115/2 846/113/2
f 828/114/2 844/116/2 845/115/2
f 829/117/2 844/116/2 828/114/2
f 829/117/2 843/118/2 844/116/2
f 830/119/2 843/118/2 829/117/2
f 830/119/2 842/120/2 843/118/2
f 830/119/2 841/121/2 842/120/2
f 830/119/2 840/122/2 841/121/2
f 830/119/2 839/123/2 840/122/2
f 830/119/2 838/124/2 839/123/2
f 830/119/2 837/125/2 838/124/2
f 830/119/2 836/126/2 837/125/2
f 830/119/2 835/127/2 836/126/2
f 830/119/2 834/128/2 835/127/2
f 830/119/2 833/129/2 834/128/2
f 830/119/2 832/130/2 833/129/2
f 830/119/2 831/131/2 832/130/2
f 920/132/2 918/134/2 919/133/2
f 920/132/2 917/135/2 918/134/2
f 921/136/2 917/135/2 920/132/2
f 921/136/2 916/137/2 917/135/2
f 922/138/2 916/137/2 921/136/2
f 922/138/2 915/139/2 916/137/2
f 923/140/2 915/139/2 922/138/2
f 924/141/2 915/139/2 923/140/2
f 924/141/2 914/142/2 915/139/2
f 925/143/2 914/142/2 924/141/2
f 925/143/2 991/144/2 914/142/2
f 991/144/2 913/145/2 914/142/2
f 925/143/2 990/146/2 991/144/2
f 992/147/2 913/145/2 991/144/2
f 925/143/2 989/148/2 990/146/2
f 993/149/2 913/145/2 992/147/2
f 926/150/2 989/148/2 925/143/2
f 993/149/2 912/151/2 913/145/2
f 926/150/2 988/152/2 989/148/2
f 994/153/2 912/151/2 993/149/2
f 926/150/2 987/154/2 988/152/2
f 995/155/2 912/151/2 994/153/2
f 926/150/2 986/156/2 987/154/2
f 996/157/2 912/151/2 995/155/2
f 927/158/2 986/156/2 926/150/2
f 996/157/2 911/159/2 912/151/2
f 927/158/2 985/160/2 986/156/2
f 997/161/2 911/159/2 996/157/2
f 927/158/2 984/162/2 985/160/2
f 998/163/2 911/159/2 997/161/2
f 928/164/2 984/162/2 927/158/2
f 998/163/2 910/165/2 911/159/2
f 928/164/2 983/166/2 984/162/2
f 999/167/2 910/165/2 998/163/2
f 929/168/2 983/166/2 928/164/2
f 999/167/2 909/169/2 910/165/2
f 929/168/2 982/170/2 983/166/2
f 1000/171/2 909/169/2 999/167/2
f 929/168/2 981/172/2 982/170/2
f 1001/173/2 909/169/2 1000/171/2
f 930/174/2 981/172/2 929/168/2
f 1001/173/2 908/175/2 909/169/2
f 930/174/2 980/176/2 981/172/2
f 1002/177/2 908/175/2 1001/173/2
f 931/178/2 980/176/2 930/174/2
f 1002/177/2 907/179/2 908/175/2
f 931/178/2 979/180/2 980/176/2
f 955/181/2 907/179/2 1002/177/2
f 932/182/2 979/180/2 931/178/2
f 932/182/2 978/183/2 979/180/2
f 956/184/2 907/179/2 955/181/2
f 956/184/2 954/185/2 907/179/2
f 932/182/2 977/186/2 978/183/2
f 957/187/2 954/185/2 956/184/2
f 933/188/2 977/186/2 932/182/2
f 957/187/2 953/189/2 954/185/2
f 933/188/2 976/190/2 977/186/2
f 958/191/2 953/189/2 957/187/2
f 934/192/2 976/190/2 933/188/2
f 958/191/2 952/193/2 953/189/2
f 959/194/2 952/193/2 958/191/2
f 934/192/2 975/195/2 976/190/2
f 960/196/2 952/193/2 959/194/2
f 934/192/2 974/197/2 975/195/2
f 935/198/2 974/197/2 934/192/2
f 960/196/2 951/199/2 952/193/2
f 961/200/2 951/199/2 960/196/2
f 935/198/2 973/201/2 974/197/2
f 936/202/2 973/201/2 935/198/2
f 961/200/2 950/203/2 951/199/2
f 962/204/2 950/203/2 961/200/2
f 936/202/2 972/205/2 973/201/2
f 963/206/2 950/203/2 962/204/2
f 936/202/2 971/207/2 972/205/2
f 937/208/2 971/207/2 936/202/2
f 963/206/2 949/209/2 950/203/2
f 964/210/2 949/209/2 963/206/2
f 937/208/2 970/211/2 971/207/2
f 965/212/2 949/209/2 964/210/2
f 937/208/2 969/213/2 970/211/2
f 966/214/2 949/209/2 965/212/2
f 937/208/2 968/215/2 969/213/2
f 938/216/2 968/215/2 937/208/2
f 966/214/2 948/217/2 949/209/2
f 967/218/2 948/217/2 966/214/2
f 938/216/2 967/218/2 968/215/2
f 938/216/2 948/217/2 967/218/2
f 939/219/2 948/217/2 938/216/2
f 939/219/2 947/220/2 948/217/2
f 940/221/2 947/220/2 939/219/2
f 940/221/2 946/222/2 947/220/2
f 941/223/2 946/222/2 940/221/2
f 941/223/2 945/224/2 946/222/2
f 942/225/2 945/224/2 941/223/2
f 942/225/2 944/226/2 945/224/2
f 943/227/2 944/226/2 942/225/2
f 1028/228/2 1026/230/2 1027/229/2
f 1029/231/2 1026/230/2 1028/228/2
f 1029/231/2 1025/232/2 1026/230/2
f 1030/233/2 1025/232/2 1029/231/2
f 1030/233/2 1024/234/2 1025/232/2
f 1031/235/2 1024/234/2 1030/233/2
f 1031/235/2 1023/236/2 1024/234/2
f 1032/237/2 1023/236/2 1031/235/2
f 1032/237/2 1022/238/2 1023/236/2
f 1033/239/2 1022/238/2 1032/237/2
f 1033/239/2 1021/240/2 1022/238/2
f 1034/241/2 1021/240/2 1033/239/2
f 1034/241/2 1020/242/2 1021/240/2
f 1035/243/2 1087/244/2 1034/241/2
f 1087/244/2 1088/245/2 1034/241/2
f 1088/245/2 1020/242/2 1034/241/2
f 1089/246/2 1020/242/2 1088/245/2
f 1035/243/2 1086/247/2 1087/244/2
f 1090/248/2 1020/242/2 1089/246/2
f 1090/248/2 1019/249/2 1020/242/2
f 1035/243/2 1085/250/2 1086/247/2
f 1091/251/2 1019/249/2 1090/248/2
f 1035/243/2 1084/252/2 1085/250/2
f 1092/253/2 1019/249/2 1091/251/2
f 1036/254/2 1084/252/2 1035/243/2
f 1036/254/2 1083/255/2 1084/252/2
f 1093/256/2 1019/249/2 1092/253/2
f 1036/254/2 1082/257/2 1083/255/2
f 1094/258/2 1019/249/2 1093/256/2
f 1094/258/2 1018/259/2 1019/249/2
f 1036/254/2 1081/260/2 1082/257/2
f 1037/261/2 1081/260/2 1036/254/2
f 1095/262/2 1018/259/2 1094/258/2
f 1037/261/2 1080/263/2 1081/260/2
f 1096/264/2 1018/259/2 1095/262/2
f 1037/261/2 1079/265/2 1080/263/2
f 1096/264/2 1017/266/2 1018/259/2
f 1038/267/2 1079/265/2 1037/261/2
f 1097/268/2 1017/266/2 1096/264/2
f 1038/267/2 1078/269/2 1079/265/2
f 1098/270/2 1017/266/2 1097/268/2
f 1038/267/2 1077/271/2 1078/269/2
f 1039/272/2 1077/271/2 1038/267/2
f 1098/270/2 1016/273/2 1017/266/2
f 1099/274/2 1016/273/2 1098/270/2
f 1039/272/2 1076/275/2 1077/271/2
f 1100/276/2 1016/273/2 1099/274/2
f 1039/272/2 1135/277/2 1076/275/2
f 1040/278/2 1135/277/2 1039/272/2
f 1100/276/2 1015/279/2 1016/273/2
f 1040/278/2 1134/280/2 1135/277/2
f 1101/281/2 1015/279/2 1100/276/2
f 1102/282/2 1015/279/2 1101/281/2
f 1103/283/2 1015/279/2 1102/282/2
f 1104/284/2 1015/279/2 1103/283/2
f 1041/285/2 1134/280/2 1040/278/2
f 1041/285/2 1133/286/2 1134/280/2
f 1105/287/2 1015/279/2 1104/284/2
f 1106/288/2 1015/279/2 1105/287/2
f 1107/289/2 1015/279/2 1106/288/2
f 1041/285/2 1132/290/2 1133/286/2
f 1108/291/2 1015/279/2 1107/289/2
f 1108/291/2 1014/292/2 1015/279/2
f 1109/293/2 1014/292/2 1108/291/2
f 1110/294/2 1014/292/2 1109/293/2
f 1041/285/2 1131/295/2 1132/290/2
f 1042/296/2 1131/295/2 1041/285/2
f 1111/297/2 1014/292/2 1110/294/2
f 1112/298/2 1014/292/2 1111/297/2
f 1042/296/2 1130/299/2 1131/295/2
f 1113/300/2 1014/292/2 1112/298/2
f 1042/296/2 1129/301/2 1130/299/2
f 1114/302/2 1014/292/2 1113/300/2
f 1043/303/2 1129/301/2 1042/296/2
f 1115/304/2 1014/292/2 1114/302/2
f 1043/303/2 1128/305/2 1129/301/2
f 1116/306/2 1014/292/2 1115/304/2
f 1116/306/2 1013/307/2 1014/292/2
f 1117/308/2 1013/307/2 1116/306/2
f 1043/303/2 1127/309/2 1128/305/2
f 1118/310/2 1013/307/2 1117/308/2
f 1119/311/2 1013/307/2 1118/310/2
f 1043/303/2 1126/312/2 1127/309/2
f 1120/313/2 1013/307/2 1119/311/2
f 1044/314/2 1126/312/2 1043/303/2
f 1044/314/2 1125/315/2 1126/312/2
f 1121/316/2 1013/307/2 1120/313/2
f 1122/317/2 1013/307/2 1121/316/2
f 1044/314/2 1124/318/2 1125/315/2
f 1123/319/2 1013/307/2 1122/317/2
f 1124/318/2 1013/307/2 1123/319/2
f 1044/314/2 1013/307/2 1124/318/2
f 1045/320/2 1013/307/2 1044/314/2
f 1045/320/2 1012/321/2 1013/307/2
f 1046/322/2 1012/321/2 1045/320/2
f 1047/323/2 1063/324/2 1046/322/2
f 1063/324/2 1012/321/2 1046/322/2
f 1047/323/2 1062/325/2 1063/324/2
f 1064/326/2 1012/321/2 1063/324/2
f 1048/327/2 1062/325/2 1047/323/2
f 1064/326/2 1011/328/2 1012/321/2
f 1048/327/2 1061/329/2 1062/325/2
f 1048/327/2 1060/330/2 1061/329/2
f 1048/327/2 1059/331/2 1060/330/2
f 1049/332/2 1059/331/2 1048/327/2
f 1049/332/2 1058/333/2 1059/331/2
f 1049/332/2 1057/334/2 1058/333/2
f 1049/332/2 1056/335/2 1057/334/2
f 1065/336/2 1011/328/2 1064/326/2
f 1050/337/2 1056/335/2 1049/332/2
f 1050/337/2 1055/338/2 1056/335/2
f 1050/337/2 1054/339/2 1055/338/2
f 1050/337/2 1053/340/2 1054/339/2
f 1051/341/2 1053/340/2 1050/337/2
f 1051/341/2 1052/342/2 1053/340/2
f 1066/343/2 1011/328/2 1065/336/2
f 1066/343/2 1010/344/2 1011/328/2
f 1067/345/2 1010/344/2 1066/343/2
f 1067/345/2 1009/346/2 1010/344/2
f 1068/347/2 1009/346/2 1067/345/2
f 1069/348/2 1009/346/2 1068/347/2
f 1069/348/2 1008/349/2 1009/346/2
f 1070/350/2 1008/349/2 1069/348/2
f 1071/351/2 1008/349/2 1070/350/2
f 1071/351/2 1007/352/2 1008/349/2
f 1072/353/2 1007/352/2 1071/351/2
f 1073/354/2 1007/352/2 1072/353/2
f 1073/354/2 1006/355/2 1007/352/2
f 1074/356/2 1006/355/2 1073/354/2
f 1075/357/2 1006/355/2 1074/356/2
f 1075/357/2 1005/358/2 1006/355/2
f 1003/359/2 1005/358/2 1075/357/2
f 1003/359/2 1004/360/2 1005/358/2
f 1137/361/2 1208/363/2 1136/362/2
f 1138/364/2 1208/363/2 1137/361/2
f 1139/365/2 1208/363/2 1138/364/2
f 1139/365/2 1207/366/2 1208/363/2
f 1139/365/2 1206/367/2 1207/366/2
f 1140/368/2 1206/367/2 1139/365/2
f 1140/368/2 1205/369/2 1206/367/2
f 1140/368/2 1204/370/2 1205/369/2
f 1141/371/2 1204/370/2 1140/368/2
f 1141/371/2 1203/372/2 1204/370/2
f 1141/371/2 1202/373/2 1203/372/2
f 1142/374/2 1202/373/2 1141/371/2
f 1142/374/2 1201/375/2 1202/373/2
f 1142/374/2 1200/376/2 1201/375/2
f 1143/377/2 1200/376/2 1142/374/2
f 1143/377/2 1199/378/2 1200/376/2
f 1144/379/2 1199/378/2 1143/377/2
f 1144/379/2 1198/380/2 1199/378/2
f 1144/379/2 1197/381/2 1198/380/2
f 1145/382/2 1197/381/2 1144/379/2
f 1185/383/2 1183/385/2 1184/384/2
f 1186/386/2 1183/385/2 1185/383/2
f 1187/387/2 1183/385/2 1186/386/2
f 1187/387/2 1182/388/2 1183/385/2
f 1188/389/2 1182/388/2 1187/387/2
f 1189/390/2 1182/388/2 1188/389/2
f 1145/382/2 1196/391/2 1197/381/2
f 1190/392/2 1182/388/2 1189/390/2
f 1190/392/2 1181/393/2 1182/388/2
f 1191/394/2 1181/393/2 1190/392/2
f 1192/395/2 1181/393/2 1191/394/2
f 1193/396/2 1181/393/2 1192/395/2
f 1193/396/2 1180/397/2 1181/393/2
f 1194/398/2 1180/397/2 1193/396/2
f 1195/399/2 1180/397/2 1194/398/2
f 1196/391/2 1180/397/2 1195/399/2
f 1196/391/2 1179/400/2 1180/397/2
f 1145/382/2 1179/400/2 1196/391/2
f 1146/401/2 1179/400/2 1145/382/2
f 1146/401/2 1178/402/2 1179/400/2
f 1146/401/2 1177/403/2 1178/402/2
f 1147/404/2 1218/405/2 1146/401/2
f 1218/405/2 1219/406/2 1146/401/2
f 1219/406/2 1177/403/2 1146/401/2
f 1219/406/2 1220/407/2 1177/403/2
f 1220/407/2 1221/408/2 1177/403/2
f 1221/408/2 1176/409/2 1177/403/2
f 1222/410/2 1176/409/2 1221/408/2
f 1223/411/2 1176/409/2 1222/410/2
f 1147/404/2 1217/412/2 1218/405/2
f 1147/404/2 1216/413/2 1217/412/2
f 1224/414/2 1176/409/2 1223/411/2
f 1224/414/2 1175/415/2 1176/409/2
f 1147/404/2 1215/416/2 1216/413/2
f 1147/404/2 1214/417/2 1215/416/2
f 1225/418/2 1175/415/2 1224/414/2
f 1147/404/2 1213/419/2 1214/417/2
f 1226/420/2 1175/415/2 1225/418/2
f 1147/404/2 1212/421/2 1213/419/2
f 1147/404/2 1211/422/2 1212/421/2
f 1227/423/2 1175/415/2 1226/420/2
f 1147/404/2 1210/424/2 1211/422/2
f 1148/425/2 1210/424/2 1147/404/2
f 1227/423/2 1174/426/2 1175/415/2
f 1148/425/2 1209/427/2 1210/424/2
f 1228/428/2 1174/426/2 1227/423/2
f 1148/425/2 1256/429/2 1209/427/2
f 1229/430/2 1174/426/2 1228/428/2
f 1230/431/2 1174/426/2 1229/430/2
f 1230/431/2 1173/432/2 1174/426/2
f 1148/425/2 1255/433/2 1256/429/2
f 1231/434/2 1173/432/2 1230/431/2
f 1149/435/2 1255/433/2 1148/425/2
f 1232/436/2 1173/432/2 1231/434/2
f 1232/436/2 1172/437/2 1173/432/2
f 1149/435/2 1254/438/2 1255/433/2
f 1233/439/2 1172/437/2 1232/436/2
f 1150/440/2 1254/438/2 1149/435/2
f 1234/441/2 1172/437/2 1233/439/2
f 1234/441/2 1171/442/2 1172/437/2
f 1150/440/2 1253/443/2 1254/438/2
f 1235/444/2 1171/442/2 1234/441/2
f 1150/440/2 1252/445/2 1253/443/2
f 1235/444/2 1170/446/2 1171/442/2
f 1151/447/2 1252/445/2 1150/440/2
f 1236/448/2 1170/446/2 1235/444/2
f 1237/449/2 1170/446/2 1236/448/2
f 1151/447/2 1251/450/2 1252/445/2
f 1237/449/2 1169/451/2 1170/446/2
f 1238/452/2 1169/451/2 1237/449/2
f 1152/453/2 1251/450/2 1151/447/2
f 1152/453/2 1250/454/2 1251/450/2
f 1239/455/2 1169/451/2 1238/452/2
f 1152/453/2 1249/456/2 1250/454/2
f 1239/455/2 1168/457/2 1169/451/2
f 1240/458/2 1168/457/2 1239/455/2
f 1153/459/2 1249/456/2 1152/453/2
f 1153/459/2 1248/460/2 1249/456/2
f 1241/461/2 1168/457/2 1240/458/2
f 1242/462/2 1168/457/2 1241/461/2
f 1153/459/2 1247/463/2 1248/460/2
f 1242/462/2 1167/464/2 1168/457/2
f 1243/465/2 1167/464/2 1242/462/2
f 1153/459/2 1246/466/2 1247/463/2
f 1244/467/2 1167/464/2 1243/465/2
f 1153/459/2 1245/468/2 1246/466/2
f 1245/468/2 1167/464/2 1244/467/2
f 1153/459/2 1167/464/2 1245/468/2
f 1154/469/2 1167/464/2 1153/459/2
f 1154/469/2 1166/470/2 1167/464/2
f 1155/471/2 1166/470/2 1154/469/2
f 1155/471/2 1165/472/2 1166/470/2
f 1156/473/2 1165/472/2 1155/471/2
f 1156/473/2 1164/474/2 1165/472/2
f 1157/475/2 1164/474/2 1156/473/2
f 1157/475/2 1163/476/2 1164/474/2
f 1158/477/2 1163/476/2 1157/475/2
f 1158/477/2 1162/478/2 1163/476/2
f 1159/479/2 1162/478/2 1158/477/2
f 1159/479/2 1161/480/2 1162/478/2
f 1160/481/2 1161/480/2 1159/479/2
f 764/482/2 762/484/2 763/483/2
f 765/485/2 762/484/2 764/482/2
f 766/486/2 762/484/2 765/485/2
f 766/486/2 761/487/2 762/484/2
f 767/488/2 761/487/2 766/486/2
f 768/489/2 761/487/2 767/488/2
f 769/490/2 761/487/2 768/489/2
f 769/490/2 760/491/2 761/487/2
f 770/492/2 760/491/2 769/490/2
f 771/493/2 760/491/2 770/492/2
f 772/494/2 760/491/2 771/493/2
f 772/494/2 759/495/2 760/491/2
f 773/496/2 759/495/2 772/494/2
f 774/497/2 759/495/2 773/496/2
f 774/497/2 758/498/2 759/495/2
f 775/499/2 758/498/2 774/497/2
f 629/500/2 630/501/2 775/499/2
f 630/501/2 631/502/2 775/499/2
f 631/502/2 632/503/2 775/499/2
f 632/503/2 633/504/2 775/499/2
f 633/504/2 758/498/2 775/499/2
f 633/504/2 634/505/3 758/498/2
f 634/505/3 635/506/2 758/498/2
f 635/506/2 757/507/2 758/498/2
f 635/506/2 636/508/4 757/507/2
f 636/508/4 637/509/2 757/507/2
f 637/509/2 756/510/2 757/507/2
f 637/509/2 638/511/5 756/510/2
f 638/511/5 639/512/2 756/510/2
f 639/512/2 640/513/2 756/510/2
f 640/513/2 755/514/2 756/510/2
f 640/513/2 641/515/2 755/514/2
f 641/515/2 642/516/2 755/514/2
f 642/516/2 754/517/2 755/514/2
f 643/518/2 754/517/2 642/516/2
f 644/519/2 754/517/2 643/518/2
f 645/520/2 754/517/2 644/519/2
f 645/520/2 753/521/2 754/517/2
f 646/522/2 753/521/2 645/520/2
f 647/523/2 753/521/2 646/522/2
f 648/524/2 753/521/2 647/523/2
f 648/524/2 752/525/2 753/521/2
f 649/526/2 752/525/2 648/524/2
f 650/527/2 752/525/2 649/526/2
f 650/527/2 751/528/2 752/525/2
f 651/529/2 751/528/2 650/527/2
f 652/530/2 751/528/2 651/529/2
f 652/530/2 750/531/2 751/528/2
f 653/532/2 750/531/2 652/530/2
f 654/533/2 750/531/2 653/532/2
f 654/533/2 749/534/2 750/531/2
f 655/535/2 749/534/2 654/533/2
f 655/535/2 748/536/2 749/534/2
f 656/537/2 748/536/2 655/535/2
f 656/537/2 747/538/2 748/536/2
f 657/539/2 747/538/2 656/537/2
f 657/539/2 746/540/2 747/538/2
f 658/541/2 746/540/2 657/539/2
f 658/541/2 745/542/2 746/540/2
f 659/543/2 745/542/2 658/541/2
f 660/544/2 745/542/2 659/543/2
f 660/544/2 744/545/2 745/542/2
f 661/546/2 744/545/2 660/544/2
f 661/546/2 743/547/2 744/545/2
f 662/548/2 743/547/2 661/546/2
f 663/549/2 743/547/2 662/548/2
f 664/550/2 743/547/2 663/549/2
f 664/550/2 742/551/2 743/547/2
f 665/552/2 742/551/2 664/550/2
f 666/553/2 742/551/2 665/552/2
f 666/553/2 741/554/2 742/551/2
f 666/553/2 740/555/2 741/554/2
f 666/553/2 739/556/2 740/555/2
f 666/553/2 738/557/2 739/556/2
f 666/553/2 737/558/2 738/557/2
f 666/553/2 736/559/2 737/558/2
f 666/553/2 735/560/2 736/559/2
f 666/553/2 734/561/2 735/560/2
f 666/553/2 667/562/2 734/561/2
f 667/562/2 733/563/2 734/561/2
f 668/564/2 733/563/2 667/562/2
f 669/565/2 733/563/2 668/564/2
f 670/566/2 733/563/2 669/565/2
f 670/566/2 732/567/2 733/563/2
f 671/568/2 732/567/2 670/566/2
f 672/569/2 732/567/2 671/568/2
f 672/569/2 731/570/2 732/567/2
f 673/571/2 731/570/2 672/569/2
f 673/571/2 730/572/2 731/570/2
f 674/573/2 730/572/2 673/571/2
f 675/574/2 730/572/2 674/573/2
f 675/574/2 729/575/2 730/572/2
f 676/576/2 729/575/2 675/574/2
f 676/576/2 728/577/2 729/575/2
f 677/578/2 728/577/2 676/576/2
f 677/578/2 727/579/2 728/577/2
f 678/580/2 727/579/2 677/578/2
f 678/580/2 726/581/2 727/579/2
f 679/582/2 726/581/2 678/580/2
f 680/583/2 726/581/2 679/582/2
f 680/583/2 725/584/2 726/581/2
f 681/585/2 725/584/2 680/583/2
f 682/586/2 725/584/2 681/585/2
f 682/586/2 724/587/2 725/584/2
f 703/588/2 701/590/2 702/589/2
f 683/591/2 724/587/2 682/586/2
f 703/588/2 700/592/2 701/590/2
f 684/593/2 724/587/2 683/591/2
f 703/588/2 699/594/2 700/592/2
f 684/593/2 723/595/2 724/587/2
f 685/596/2 723/595/2 684/593/2
f 703/588/2 698/597/2 699/594/2
f 703/588/2 697/598/2 698/597/2
f 686/599/2 723/595/2 685/596/2
f 703/588/2 696/600/2 697/598/2
f 687/601/2 723/595/2 686/599/2
f 703/588/2 695/602/2 696/600/2
f 703/588/2 694/603/2 695/602/2
f 688/604/2 723/595/2 687/601/2
f 688/604/2 722/605/2 723/595/2
f 703/588/2 693/606/2 694/603/2
f 689/607/2 722/605/2 688/604/2
f 703/588/2 692/608/2 693/606/2
f 703/588/2 691/609/2 692/608/2
f 690/610/2 722/605/2 689/607/2
f 703/588/2 690/610/2 691/609/2
f 703/588/2 722/605/2 690/610/2
f 703/588/2 721/611/2 722/605/2
f 703/588/2 720/612/2 721/611/2
f 703/588/2 719/613/2 720/612/2
f 704/614/2 719/613/2 703/588/2
f 705/615/2 719/613/2 704/614/2
f 706/616/2 719/613/2 705/615/2
f 706/616/2 718/617/2 719/613/2
f 707/618/2 718/617/2 706/616/2
f 708/619/2 718/617/2 707/618/2
f 708/619/2 717/620/2 718/617/2
f 709/621/2 717/620/2 708/619/2
f 710/622/2 717/620/2 709/621/2
f 711/623/2 717/620/2 710/622/2
f 711/623/2 716/624/2 717/620/2
f 712/625/2 716/624/2 711/623/2
f 713/626/2 716/624/2 712/625/2
f 713/626/2 715/627/2 716/624/2
f 714/628/2 715/627/2 713/626/2
f 251/629/6 185/630/7 813/631/7 879/632/6
f 380/633/8 381/634/9 1009/635/9 1008/636/8
f 461/637/10 462/638/11 1090/639/11 1089/640/10
f 110/641/12 111/642/13 739/643/13 738/644/12
f 622/645/14 623/646/15 1251/647/15 1250/648/14
f 441/649/16 442/650/17 1070/651/17 1069/652/16
f 285/653/18 286/654/19 914/655/19 913/656/18
f 250/657/20 251/629/6 879/632/6 878/658/20
f 610/659/21 611/660/22 1239/661/22 1238/662/21
f 109/663/23 110/641/12 738/644/12 737/664/23
f 442/650/17 443/665/24 1071/666/24 1070/651/17
f 391/667/25 392/668/26 1020/669/26 1019/670/25
f 362/671/27 363/672/28 991/673/28 990/674/27
f 249/675/29 250/657/20 878/658/20 877/676/29
f 363/672/28 364/677/30 992/678/30 991/673/28
f 108/679/31 109/663/23 737/664/23 736/680/31
f 621/681/32 622/682/14 1250/683/14 1249/684/32
f 457/685/33 458/686/34 1086/687/34 1085/688/33
f 248/689/35 249/675/29 877/676/29 876/690/35
f 379/691/36 380/633/8 1008/636/8 1007/692/36
f 462/638/11 463/693/37 1091/694/37 1090/639/11
f 107/695/38 108/679/31 736/680/31 735/696/38
f 540/697/39 541/698/40 1169/699/40 1168/700/39
f 443/701/24 444/702/41 1072/703/41 1071/704/24
f 361/705/42 362/671/27 990/674/27 989/706/42
f 247/707/43 248/689/35 876/690/35 875/708/43
f 611/709/22 612/710/44 1240/711/44 1239/712/22
f 364/677/30 365/713/45 993/714/45 992/678/30
f 106/715/46 107/716/38 735/717/38 734/718/46
f 444/702/41 445/719/47 1073/720/47 1072/703/41
f 456/721/48 457/685/33 1085/688/33 1084/722/48
f 38/723/49 39/724/50 667/725/50 666/726/49
f 246/727/51 247/707/43 875/708/43 874/728/51
f 524/729/52 525/730/53 1153/731/53 1152/732/52
f 463/693/37 464/733/54 1092/734/54 1091/694/37
f 297/653/55 298/735/56 926/736/56 925/656/55
f 245/737/57 246/727/51 874/728/51 873/738/57
f 378/739/58 379/691/36 1007/692/36 1006/740/58
f 407/741/59 408/742/60 1036/743/60 1035/744/59
f 105/745/61 106/715/46 734/718/46 733/746/61
f 620/747/62 621/681/32 1249/684/32 1248/748/62
f 445/719/47 446/749/63 1074/750/63 1073/720/47
f 284/735/64 285/653/18 913/656/18 912/736/64
f 39/724/50 40/751/65 668/752/65 667/725/50
f 244/753/66 245/737/57 873/738/57 872/754/66
f 612/710/44 613/755/67 1241/756/67 1240/711/44
f 252/757/28 253/758/68 881/759/68 880/760/28
f 446/749/63 447/761/69 1075/762/69 1074/750/63
f 455/763/70 456/721/48 1084/722/48 1083/764/70
f 360/765/71 361/705/42 989/706/42 988/766/71
f 40/751/65 41/767/72 669/768/72 668/752/65
f 613/755/67 614/769/73 1242/770/73 1241/756/67
f 464/733/54 465/771/74 1093/772/74 1092/734/54
f 365/713/45 366/773/75 994/774/75 993/714/45
f 41/767/72 42/775/76 670/776/76 669/768/72
f 243/777/77 244/778/66 872/779/66 871/780/77
f 377/781/78 378/782/58 1006/783/58 1005/784/78
f 619/785/79 620/747/62 1248/748/62 1247/786/79
f 447/787/80 375/788/80 1003/789/80 1075/790/80
f 454/791/81 455/763/70 1083/764/70 1082/792/81
f 359/793/82 360/765/71 988/766/71 987/794/82
f 465/771/74 466/795/83 1094/796/83 1093/772/74
f 366/773/75 367/797/84 995/798/84 994/774/75
f 104/799/85 105/745/61 733/746/61 732/800/85
f 539/801/86 540/697/39 1168/700/39 1167/802/86
f 375/803/87 376/804/88 1004/805/88 1003/806/87
f 42/775/76 43/807/89 671/808/89 670/776/76
f 278/809/90 252/810/90 880/811/90 906/812/90
f 614/769/73 615/813/91 1243/814/91 1242/770/73
f 376/804/88 377/781/78 1005/784/78 1004/805/88
f 253/758/68 254/815/92 882/816/92 881/759/68
f 508/817/93 509/818/94 1137/819/94 1136/820/93
f 390/821/95 391/667/25 1019/670/25 1018/822/95
f 358/823/96 359/824/82 987/825/82 986/826/96
f 43/807/89 44/827/97 672/828/97 671/808/89
f 367/824/84 368/823/98 996/826/98 995/825/84
f 254/815/92 255/829/99 883/830/99 882/816/92
f 618/831/100 619/785/79 1247/786/79 1246/832/100
f 580/833/101 508/834/101 1136/835/101 1208/836/101
f 453/837/102 454/838/81 1082/839/81 1081/840/102
f 615/813/91 616/841/103 1244/842/103 1243/814/91
f 509/818/94 510/843/104 1138/844/104 1137/819/94
f 408/742/60 409/845/105 1037/846/105 1036/743/60
f 298/735/56 299/847/106 927/848/106 926/736/56
f 103/849/107 104/799/85 732/800/85 731/850/107
f 255/829/99 256/851/108 884/852/108 883/830/99
f 44/827/97 45/853/109 673/854/109 672/828/97
f 510/843/104 511/855/110 1139/856/110 1138/844/104
f 466/857/83 467/858/111 1095/859/111 1094/860/83
f 617/861/112 618/831/100 1246/832/100 1245/862/112
f 283/847/113 284/735/64 912/736/64 911/848/113
f 242/863/114 243/777/77 871/780/77 870/864/114
f 616/841/103 617/861/112 1245/862/112 1244/842/103
f 102/865/115 103/849/107 731/850/107 730/866/115
f 256/851/108 257/867/116 885/868/116 884/852/108
f 579/869/117 580/870/118 1208/871/118 1207/872/117
f 452/873/119 453/837/102 1081/840/102 1080/874/119
f 357/875/120 358/823/96 986/826/96 985/876/120
f 45/877/109 46/878/121 674/879/121 673/880/109
f 467/858/111 468/881/122 1096/882/122 1095/859/111
f 368/823/98 369/875/123 997/876/123 996/826/98
f 257/867/116 258/883/124 886/884/124 885/868/116
f 525/730/53 526/885/125 1154/886/125 1153/731/53
f 578/887/126 579/869/117 1207/872/117 1206/888/126
f 46/878/121 47/889/127 675/890/127 674/879/121
f 511/891/110 512/892/128 1140/893/128 1139/894/110
f 258/895/124 259/896/129 887/897/129 886/898/124
f 451/899/130 452/873/119 1080/874/119 1079/900/130
f 356/901/131 357/875/120 985/876/120 984/902/131
f 538/903/132 539/801/86 1167/802/86 1166/904/132
f 369/875/123 370/901/133 998/902/133 997/876/123
f 101/905/134 102/865/115 730/866/115 729/906/134
f 526/907/125 527/908/135 1155/909/135 1154/910/125
f 577/911/136 578/887/126 1206/888/126 1205/912/136
f 389/913/137 390/821/95 1018/822/95 1017/914/137
f 47/889/127 48/915/138 676/916/138 675/890/127
f 241/917/139 242/863/114 870/864/114 869/918/139
f 409/845/105 410/919/140 1038/920/140 1037/846/105
f 299/847/106 300/921/141 928/922/141 927/848/106
f 259/896/129 260/923/142 888/924/142 887/897/129
f 576/925/143 577/911/136 1205/912/136 1204/926/143
f 537/927/144 538/928/132 1166/929/132 1165/930/144
f 512/892/128 513/931/145 1141/932/145 1140/893/128
f 468/881/122 469/933/146 1097/934/146 1096/882/122
f 100/935/147 101/905/134 729/906/134 728/936/147
f 260/923/142 261/937/148 889/938/148 888/924/142
f 527/908/135 528/939/149 1156/940/149 1155/909/135
f 282/921/150 283/847/113 911/848/113 910/922/150
f 48/915/138 49/941/151 677/942/151 676/916/138
f 261/937/148 262/943/152 890/944/152 889/938/148
f 575/945/153 576/946/143 1204/947/143 1203/948/153
f 450/949/154 451/899/130 1079/900/130 1078/950/154
f 355/951/155 356/901/131 984/902/131 983/952/155
f 536/953/156 537/927/144 1165/930/144 1164/954/156
f 469/933/146 470/955/157 1098/956/157 1097/934/146
f 370/901/133 371/957/158 999/958/158 998/902/133
f 99/959/159 100/935/147 728/936/147 727/960/159
f 528/939/149 529/961/160 1157/962/160 1156/940/149
f 574/963/161 575/945/153 1203/948/153 1202/964/161
f 49/941/151 50/965/162 678/966/162 677/942/151
f 240/967/163 241/917/139 869/918/139 868/968/163
f 513/931/145 514/969/164 1142/970/164 1141/932/145
f 300/921/141 301/971/165 929/972/165 928/922/141
f 262/943/152 263/973/166 891/974/166 890/944/152
f 449/975/167 450/949/154 1078/950/154 1077/976/167
f 535/977/168 536/953/156 1164/954/156 1163/978/168
f 410/919/140 411/979/169 1039/980/169 1038/920/140
f 98/981/170 99/959/159 727/960/159 726/982/170
f 263/973/166 264/983/171 892/984/171 891/974/166
f 529/961/160 530/985/172 1158/986/172 1157/962/160
f 573/987/173 574/963/161 1202/964/161 1201/988/173
f 281/989/174 282/921/150 910/922/150 909/990/174
f 50/965/162 51/991/175 679/992/175 678/966/162
f 572/993/176 573/987/173 1201/988/173 1200/994/176
f 388/995/177 389/913/137 1017/914/137 1016/996/177
f 354/997/178 355/951/155 983/952/155 982/998/178
f 51/991/175 52/999/179 680/1000/179 679/992/175
f 239/1001/180 240/967/163 868/968/163 867/1002/180
f 534/1003/181 535/977/168 1163/978/168 1162/1004/181
f 514/969/164 515/1005/182 1143/1006/182 1142/970/164
f 470/955/157 471/1007/183 1099/1008/183 1098/956/157
f 371/957/158 372/997/184 1000/998/184 999/958/158
f 264/983/171 265/1009/185 893/1010/185 892/984/171
f 530/985/172 531/1011/186 1159/1012/186 1158/986/172
f 97/1013/187 98/981/170 726/982/170 725/1014/187
f 265/1009/185 266/1015/188 894/1016/188 893/1010/185
f 571/1017/189 572/993/176 1200/994/176 1199/1018/189
f 448/1019/190 449/975/167 1077/976/167 1076/1020/190
f 353/1021/191 354/997/178 982/998/178 981/1022/191
f 52/999/179 53/1023/192 681/1024/192 680/1000/179
f 533/1025/193 534/1003/181 1162/1004/181 1161/1026/193
f 515/1005/182 516/1027/194 1144/1028/194 1143/1006/182
f 471/1007/183 472/1029/195 1100/1030/195 1099/1008/183
f 372/997/184 373/1031/196 1001/1032/196 1000/998/184
f 531/1011/186 532/1033/49 1160/1034/49 1159/1012/186
f 53/1023/192 54/1035/197 682/1036/197 681/1024/192
f 277/1037/198 278/809/198 906/812/198 905/1038/198
f 532/1033/49 533/1025/193 1161/1026/193 1160/1034/49
f 301/971/165 302/1039/199 930/1040/199 929/972/165
f 135/1041/200 136/1042/201 764/1043/201 763/1044/200
f 570/1045/202 571/1017/189 1199/1018/189 1198/1046/202
f 507/1047/203 448/1019/190 1076/1020/190 1135/1048/203
f 238/1049/204 239/1001/180 867/1002/180 866/1050/204
f 411/979/169 412/1051/205 1040/1052/205 1039/980/169
f 96/1053/206 97/1013/187 725/1014/187 724/1054/206
f 266/1015/188 267/1055/207 895/1056/207 894/1016/188
f 134/1057/208 135/1041/200 763/1044/200 762/1058/208
f 569/1059/209 570/1045/202 1198/1046/202 1197/1060/209
f 280/1039/210 281/989/174 909/990/174 908/1040/210
f 74/1061/211 75/1062/211 703/1063/211 702/1064/211
f 136/1042/201 137/1065/212 765/1066/212 764/1043/201
f 516/1027/194 517/1067/213 1145/1068/213 1144/1028/194
f 387/1069/214 388/995/177 1016/996/177 1015/1070/214
f 352/1071/215 353/1021/191 981/1022/191 980/1072/215
f 73/1073/216 74/1074/217 702/1075/217 701/1076/216
f 237/1077/218 238/1049/204 866/1050/204 865/1078/218
f 137/1065/212 138/1079/219 766/1080/219 765/1066/212
f 556/1081/220 557/1082/221 1185/1083/221 1184/1084/220
f 373/1031/196 374/1085/222 1002/1086/222 1001/1032/196
f 54/1035/197 55/1087/223 683/1088/223 682/1036/197
f 267/1055/207 268/1089/224 896/1090/224 895/1056/207
f 506/1091/225 507/1047/203 1135/1048/203 1134/1092/225
f 555/1093/226 556/1081/220 1184/1084/220 1183/1094/226
f 472/1029/195 473/1095/227 1101/1096/227 1100/1030/195
f 302/1039/199 303/1097/211 931/1098/211 930/1040/199
f 268/1089/224 269/1099/228 897/1100/228 896/1090/224
f 133/1101/229 134/1057/208 762/1058/208 761/1102/229
f 557/1082/221 558/1103/230 1186/1104/230 1185/1083/221
f 72/1105/231 73/1073/216 701/1076/216 700/1106/231
f 138/1079/219 139/1107/232 767/1108/232 766/1080/219
f 473/1095/227 474/1109/233 1102/1110/233 1101/1096/227
f 55/1087/223 56/1111/234 684/1112/234 683/1088/223
f 558/1103/230 559/1113/235 1187/1114/235 1186/1104/230
f 279/1097/236 280/1039/210 908/1040/210 907/1098/236
f 236/1115/237 237/1077/218 865/1078/218 864/1116/237
f 139/1107/232 140/1117/238 768/1118/238 767/1108/232
f 474/1109/233 475/1119/239 1103/1120/239 1102/1110/233
f 269/1099/228 270/1121/240 898/1122/240 897/1100/228
f 351/1097/236 352/1071/215 980/1072/215 979/1098/236
f 71/1123/241 72/1105/231 700/1106/231 699/1124/241
f 140/1117/238 141/1125/242 769/1126/242 768/1118/238
f 554/1127/243 555/1093/226 1183/1094/226 1182/1128/243
f 475/1119/239 476/1129/244 1104/1130/244 1103/1120/239
f 374/1085/222 327/1097/211 955/1098/211 1002/1086/222
f 559/1113/235 560/1131/245 1188/1132/245 1187/1114/235
f 95/1133/246 96/1053/206 724/1054/206 723/1134/246
f 235/1135/247 236/1115/237 864/1116/237 863/1136/247
f 412/1051/205 413/1137/248 1041/1138/248 1040/1052/205
f 303/1097/211 304/1139/249 932/1140/249 931/1098/211
f 56/1141/234 57/1142/250 685/1143/250 684/1144/234
f 270/1121/240 271/1145/251 899/1146/251 898/1122/240
f 132/1147/252 133/1101/229 761/1102/229 760/1148/252
f 560/1131/245 561/1149/253 1189/1150/253 1188/1132/245
f 141/1125/242 142/1151/254 770/1152/254 769/1126/242
f 505/1153/255 506/1091/225 1134/1092/225 1133/1154/255
f 350/1155/256 351/1097/236 979/1098/236 978/1156/256
f 70/1157/257 71/1123/241 699/1124/241 698/1158/257
f 234/1159/258 235/1135/247 863/1136/247 862/1160/258
f 142/1151/254 143/1161/259 771/1162/259 770/1152/254
f 568/1163/260 569/1059/209 1197/1060/209 1196/1164/260
f 476/1129/244 477/1165/261 1105/1166/261 1104/1130/244
f 327/1097/211 328/1167/262 956/1168/262 955/1098/211
f 271/1145/251 272/1169/263 900/1170/263 899/1146/251
f 561/1149/253 562/1171/264 1190/1172/264 1189/1150/253
f 69/1173/265 70/1157/257 698/1158/257 697/1174/265
f 143/1161/259 144/1175/266 772/1176/266 771/1162/259
f 477/1165/261 478/1177/228 1106/1178/228 1105/1166/261
f 57/1142/250 58/1179/267 686/1180/267 685/1143/250
f 272/1169/263 273/1181/268 901/1182/268 900/1170/263
f 326/1139/269 279/1097/236 907/1098/236 954/1140/269
f 553/1183/270 554/1127/243 1182/1128/243 1181/1184/270
f 478/1177/228 479/1185/271 1107/1186/271 1106/1178/228
f 131/1187/272 132/1147/252 760/1148/252 759/1188/272
f 562/1171/264 563/1189/273 1191/1190/273 1190/1172/264
f 349/1191/274 350/1155/256 978/1156/256 977/1192/274
f 68/1193/275 69/1173/265 697/1174/265 696/1194/275
f 233/1195/276 234/1159/258 862/1160/258 861/1196/276
f 144/1175/266 145/1197/277 773/1198/277 772/1176/266
f 328/1167/262 329/1191/278 957/1192/278 956/1168/262
f 58/1179/267 59/1199/279 687/1200/279 686/1180/267
f 273/1201/268 274/1202/280 902/1203/280 901/1204/268
f 563/1189/273 564/1205/281 1192/1206/281 1191/1190/273
f 504/1207/282 505/1153/255 1133/1154/255 1132/1208/282
f 145/1197/277 146/1209/283 774/1210/283 773/1198/277
f 479/1185/271 480/1211/284 1108/1212/284 1107/1186/271
f 304/1139/249 305/1213/285 933/1214/285 932/1140/249
f 274/1202/280 275/1215/286 903/1216/286 902/1203/280
f 564/1205/281 565/1217/287 1193/1218/287 1192/1206/281
f 67/1219/288 68/1193/275 696/1194/275 695/1220/288
f 130/1221/289 131/1187/272 759/1188/272 758/1222/289
f 386/1223/191 387/1069/214 1015/1070/214 1014/1224/191
f 325/1213/290 326/1139/269 954/1140/269 953/1214/290
f 66/1225/291 67/1219/288 695/1220/288 694/1226/291
f 232/1227/292 233/1195/276 861/1196/276 860/1228/292
f 146/1209/283 147/1229/293 775/1230/293 774/1210/283
f 552/1231/294 553/1183/270 1181/1184/270 1180/1232/294
f 480/1211/284 481/1233/295 1109/1234/295 1108/1212/284
f 59/1199/279 60/1235/296 688/1236/296 687/1200/279
f 275/1215/286 276/1237/297 904/1238/297 903/1216/286
f 565/1217/287 566/1239/298 1194/1240/298 1193/1218/287
f 348/1241/299 349/1191/274 977/1192/274 976/1242/299
f 147/1243/211 1/1244/211 629/1245/211 775/1246/211
f 481/1233/295 482/1247/300 1110/1248/300 1109/1234/295
f 329/1191/278 330/1241/301 958/1242/301 957/1192/278
f 276/1237/297 277/758/302 905/759/302 904/1238/297
f 1/1229/303 2/1249/304 630/1250/304 629/1230/303
f 566/1239/298 567/1251/305 1195/1252/305 1194/1240/298
f 94/1253/306 95/1133/246 723/1134/246 722/1254/306
f 305/1213/285 306/1255/307 934/1256/307 933/1214/285
f 2/1249/304 3/1257/308 631/1258/308 630/1250/304
f 567/1251/305 568/1259/309 1196/1260/309 1195/1252/305
f 503/1261/310 504/1207/282 1132/1208/282 1131/1262/310
f 65/1263/311 66/1225/291 694/1226/291 693/1264/311
f 413/1137/248 414/1265/312 1042/1266/312 1041/1138/248
f 60/1235/296 61/1267/313 689/1268/313 688/1236/296
f 231/1269/314 232/1227/292 860/1228/292 859/1270/314
f 3/1257/308 4/1271/315 632/1272/315 631/1258/308
f 324/1255/316 325/1213/290 953/1214/290 952/1256/316
f 551/1273/317 552/1231/294 1180/1232/294 1179/1274/317
f 482/1247/300 483/1275/318 1111/1276/318 1110/1248/300
f 330/1241/301 331/1277/319 959/1278/319 958/1242/301
f 230/1279/320 231/1280/314 859/1281/314 858/1282/320
f 4/1271/315 5/1283/321 633/1284/321 632/1272/315
f 64/1285/322 65/1263/311 693/1264/311 692/1286/322
f 517/1067/213 518/1287/323 1146/1288/323 1145/1068/213
f 483/1275/318 484/1289/324 1112/1290/324 1111/1276/318
f 229/1291/325 230/1279/320 858/1282/320 857/1292/325
f 347/1277/326 348/1241/299 976/1242/299 975/1278/326
f 63/1293/327 64/1285/322 692/1286/322 691/1294/327
f 5/1283/321 6/1295/328 634/1296/328 633/1284/321
f 331/1277/319 332/1297/329 960/1298/329 959/1278/319
f 61/1267/313 62/1299/330 690/1300/330 689/1268/313
f 228/1301/331 229/1291/325 857/1292/325 856/1302/331
f 550/1303/332 551/1273/317 1179/1274/317 1178/1304/332
f 502/1305/333 503/1261/310 1131/1262/310 1130/1306/333
f 6/1295/328 7/1307/334 635/1308/334 634/1296/328
f 484/1309/335 485/1310/336 1113/1311/336 1112/1312/335
f 227/1313/337 228/1301/331 856/1302/331 855/1314/337
f 549/1315/338 550/1316/332 1178/1317/332 1177/1318/338
f 346/1297/339 347/1277/326 975/1278/326 974/1298/339
f 62/1299/330 63/1293/327 691/1294/327 690/1300/330
f 518/1287/323 519/1319/340 1147/1320/340 1146/1288/323
f 306/1255/307 307/1321/341 935/1322/341 934/1256/307
f 226/1323/342 227/1313/343 855/1314/343 854/1324/342
f 129/1325/344 130/1221/289 758/1222/289 757/1326/344
f 501/1327/345 502/1328/333 1130/1329/333 1129/1330/345
f 7/1307/334 8/1331/346 636/1332/346 635/1308/334
f 485/1310/336 486/1333/347 1114/1334/347 1113/1311/336
f 93/1335/348 94/1253/306 722/1254/306 721/1336/348
f 225/1337/349 226/1323/342 854/1324/342 853/1338/349
f 590/1339/350 591/1340/351 1219/1341/351 1218/1342/350
f 323/1321/352 324/1255/316 952/1256/316 951/1322/352
f 188/757/28 189/1343/353 817/1344/353 816/760/28
f 8/1331/346 9/1345/354 637/1346/354 636/1332/346
f 414/1265/312 415/1347/355 1043/1348/355 1042/1266/312
f 332/1297/329 333/1349/356 961/1350/356 960/1298/329
f 92/1351/357 93/1352/348 721/1353/348 720/1354/357
f 189/1343/353 190/1355/358 818/1356/358 817/1344/353
f 591/1340/351 592/1357/359 1220/1358/359 1219/1341/351
f 486/1333/347 487/1359/360 1115/1360/360 1114/1334/347
f 91/1361/361 92/1351/357 720/1354/357 719/1362/361
f 128/1363/362 129/1364/344 757/1365/344 756/1366/362
f 345/1349/363 346/1297/339 974/1298/339 973/1350/363
f 75/1074/364 76/1367/365 704/1368/365 703/1075/364
f 9/1345/354 10/1369/366 638/1370/366 637/1346/354
f 592/1357/359 593/1371/367 1221/1372/367 1220/1358/359
f 307/1321/341 308/1373/368 936/1374/368 935/1322/341
f 224/1375/369 225/1337/349 853/1338/349 852/1376/369
f 500/1377/370 501/1327/345 1129/1330/345 1128/1378/370
f 76/1367/365 77/1379/371 705/1380/371 704/1368/365
f 186/630/28 187/1381/28 815/1382/28 814/631/28
f 10/1369/366 11/1383/372 639/1384/372 638/1370/366
f 487/1359/360 488/1385/373 1116/1386/373 1115/1360/360
f 187/1387/374 188/1388/374 816/1389/374 815/1390/374
f 548/1391/375 549/1315/338 1177/1318/338 1176/1392/375
f 322/1373/376 323/1321/352 951/1322/352 950/1374/376
f 77/1379/371 78/1393/377 706/1394/377 705/1380/371
f 190/1355/358 191/1395/378 819/1396/378 818/1356/358
f 11/1383/372 12/1397/379 640/1398/379 639/1384/372
f 593/1371/367 594/1399/380 1222/1400/380 1221/1372/367
f 333/1349/356 334/1401/381 962/1402/381 961/1350/356
f 385/1403/382 386/1223/191 1014/1224/191 1013/1404/382
f 191/1395/378 192/1405/383 820/1406/383 819/1396/378
f 594/1399/380 595/1407/384 1223/1408/384 1222/1400/380
f 488/1385/373 489/1409/385 1117/1410/385 1116/1386/373
f 90/1411/386 91/1361/361 719/1362/361 718/1412/386
f 127/1413/387 128/1363/362 756/1366/362 755/1414/387
f 344/1401/388 345/1349/363 973/1350/363 972/1402/388
f 78/1393/377 79/1415/389 707/1416/389 706/1394/377
f 192/1405/383 193/1417/390 821/1418/390 820/1406/383
f 12/1397/379 13/1419/391 641/1420/391 640/1398/379
f 334/1401/381 335/1421/392 963/1422/392 962/1402/381
f 589/1423/393 590/1339/350 1218/1342/350 1217/1424/393
f 499/1425/394 500/1377/370 1128/1378/370 1127/1426/394
f 79/1415/389 80/1427/395 708/1428/395 707/1416/389
f 13/1419/391 14/1429/396 642/1430/396 641/1420/391
f 489/1409/385 490/1431/397 1118/1432/397 1117/1410/385
f 223/1433/398 224/1434/369 852/1435/369 851/1436/398
f 588/1437/399 589/1423/393 1217/1424/393 1216/1438/399
f 343/1421/400 344/1401/388 972/1402/388 971/1422/400
f 193/1417/390 194/1439/401 822/1440/401 821/1418/390
f 595/1407/384 596/1441/402 1224/1442/402 1223/1408/384
f 490/1431/397 491/1443/403 1119/1444/403 1118/1432/397
f 308/1373/368 309/1445/404 937/1446/404 936/1374/368
f 89/1447/405 90/1411/386 718/1412/386 717/1448/405
f 126/1449/406 127/1413/387 755/1414/387 754/1450/406
f 80/1427/395 81/1451/407 709/1452/407 708/1428/395
f 194/1439/401 195/1453/408 823/1454/408 822/1440/401
f 14/1429/396 15/1455/409 643/1456/409 642/1430/396
f 547/1457/410 548/1391/375 1176/1392/375 1175/1458/410
f 498/1459/411 499/1425/394 1127/1426/394 1126/1460/411
f 321/1445/412 322/1373/376 950/1374/376 949/1446/412
f 81/1451/407 82/1461/413 710/1462/413 709/1452/407
f 15/1455/409 16/1463/414 644/1464/414 643/1456/409
f 491/1443/403 492/1465/415 1120/1466/415 1119/1444/403
f 335/1467/392 336/1468/416 964/1469/416 963/1470/392
f 222/1471/417 223/1433/398 851/1436/398 850/1472/417
f 151/1473/418 152/1474/418 780/1475/418 779/1476/418
f 587/1477/419 588/1437/399 1216/1438/399 1215/1478/419
f 82/1461/413 83/1479/420 711/1480/420 710/1462/413
f 195/1453/408 196/1481/421 824/1482/421 823/1454/408
f 16/1463/414 17/1483/422 645/1484/422 644/1464/414
f 415/1347/355 416/1485/423 1044/1486/423 1043/1348/355
f 586/1487/424 587/1477/419 1215/1478/419 1214/1488/424
f 342/1489/425 343/1490/400 971/1491/400 970/1492/425
f 155/1493/28 156/1494/28 784/1495/28 783/1496/28
f 596/1441/402 597/1497/426 1225/1498/426 1224/1442/402
f 336/1468/416 337/1499/427 965/1500/427 964/1469/416
f 88/1501/428 89/1447/405 717/1448/405 716/1502/428
f 221/1503/429 222/1471/417 850/1472/417 849/1504/429
f 125/1505/430 126/1449/406 754/1450/406 753/1506/430
f 497/1507/431 498/1459/411 1126/1460/411 1125/1508/431
f 83/1479/420 84/1509/432 712/1510/432 711/1480/420
f 196/1511/421 197/1512/433 825/1513/433 824/1514/421
f 17/1483/422 18/1515/434 646/1516/434 645/1484/422
f 492/1465/415 493/1517/435 1121/1518/435 1120/1466/415
f 150/1519/436 151/1473/436 779/1476/436 778/1520/436
f 585/1521/437 586/1487/424 1214/1488/424 1213/1522/437
f 341/1523/438 342/1489/425 970/1492/425 969/1524/438
f 84/1509/432 85/1525/439 713/1526/439 712/1510/432
f 18/1515/434 19/1527/440 647/1528/440 646/1516/434
f 149/1473/441 150/1519/441 778/1520/441 777/1476/441
f 597/1497/426 598/1529/442 1226/1530/442 1225/1498/426
f 493/1517/435 494/1531/443 1122/1532/443 1121/1518/435
f 337/1499/427 338/1533/444 966/1534/444 965/1500/427
f 220/1535/445 221/1503/429 849/1504/429 848/1536/445
f 197/1512/433 198/1537/446 826/1538/446 825/1513/433
f 19/1527/440 20/1539/447 648/1540/447 647/1528/440
f 148/1541/448 149/1473/449 777/1476/449 776/1542/448
f 87/1543/450 88/1501/428 716/1502/428 715/1544/450
f 584/1545/451 585/1521/437 1213/1522/437 1212/1546/451
f 496/1547/452 497/1507/431 1125/1508/431 1124/1548/452
f 340/1549/453 341/1523/438 969/1524/438 968/1550/453
f 85/1525/439 86/1551/454 714/1552/454 713/1526/439
f 173/1553/455 148/1541/448 776/1542/448 801/1554/455
f 494/1531/443 495/1555/456 1123/1556/456 1122/1532/443
f 309/1445/404 310/1557/457 938/1558/457 937/1446/404
f 86/1551/454 87/1543/450 715/1544/450 714/1552/454
f 219/1559/458 220/1535/445 848/1536/445 847/1560/458
f 124/1561/459 125/1505/430 753/1506/430 752/1562/459
f 583/1563/460 584/1545/451 1212/1546/451 1211/1564/460
f 198/1537/446 199/1565/461 827/1566/461 826/1538/446
f 20/1567/447 21/1568/462 649/1569/462 648/1570/447
f 598/1529/442 599/1571/463 1227/1572/463 1226/1530/442
f 495/1555/456 496/1547/452 1124/1548/452 1123/1556/456
f 159/1573/28 160/1574/28 788/1575/28 787/1576/28
f 320/1557/464 321/1445/412 949/1446/412 948/1558/464
f 21/1568/462 22/1577/465 650/1578/465 649/1569/462
f 338/1533/444 339/672/7 967/673/7 966/1534/444
f 218/1579/466 219/1559/458 847/1560/458 846/1580/466
f 582/1581/467 583/1563/460 1211/1564/460 1210/1582/467
f 416/1485/423 417/1583/468 1045/1584/468 1044/1486/423
f 199/1565/461 200/1585/469 828/1586/469 827/1566/461
f 172/1587/470 173/1553/455 801/1554/455 800/1588/470
f 519/1319/340 520/1589/471 1148/1590/471 1147/1320/340
f 123/1591/472 124/1561/459 752/1562/459 751/1592/472
f 339/672/7 340/1549/453 968/1550/453 967/673/7
f 22/1577/465 23/1593/473 651/1594/473 650/1578/465
f 154/1595/474 155/1596/474 783/1597/474 782/1598/474
f 384/1599/475 385/1403/382 1013/1404/382 1012/1600/475
f 217/1601/476 218/1579/466 846/1580/466 845/1602/476
f 156/1596/477 157/1603/477 785/1604/477 784/1597/477
f 546/1605/478 547/1457/410 1175/1458/410 1174/1606/478
f 417/1607/468 418/1608/479 1046/1609/479 1045/1610/468
f 310/1557/457 311/1611/480 939/1612/480 938/1558/457
f 23/1593/473 24/1613/481 652/1614/481 651/1594/473
f 216/1615/482 217/1601/476 845/1602/476 844/1616/482
f 581/1617/483 582/1581/467 1210/1582/467 1209/1618/483
f 418/1608/479 419/1619/484 1047/1620/484 1046/1609/479
f 200/1585/469 201/1621/485 829/1622/485 828/1586/469
f 158/1603/486 159/1596/486 787/1597/486 786/1604/486
f 599/1623/463 600/1624/446 1228/1625/446 1227/1626/463
f 319/1611/487 320/1557/464 948/1558/464 947/1612/487
f 122/1627/488 123/1591/472 751/1592/472 750/1628/488
f 160/1596/489 161/1629/489 789/1630/489 788/1597/489
f 311/1631/480 312/1632/490 940/1633/490 939/1634/480
f 24/1613/481 25/1635/491 653/1636/491 652/1614/481
f 215/1637/492 216/1615/482 844/1616/482 843/1638/492
f 628/1639/493 581/1640/494 1209/1641/494 1256/1642/493
f 201/1621/495 202/1629/495 830/1630/495 829/1622/495
f 25/1635/491 26/1643/496 654/1644/496 653/1636/491
f 171/1645/497 172/1587/470 800/1588/470 799/1646/497
f 600/1624/446 601/1647/498 1229/1648/498 1228/1625/446
f 434/1649/499 435/1650/500 1063/1651/500 1062/1652/499
f 318/1653/501 319/1654/487 947/1655/487 946/1656/501
f 435/1657/502 436/1658/503 1064/1659/503 1063/1660/502
f 312/1632/490 313/1661/504 941/1662/504 940/1633/490
f 170/1663/505 171/1645/497 799/1646/497 798/1664/505
f 601/1647/498 602/1665/506 1230/1666/506 1229/1648/498
f 214/1667/476 215/1637/492 843/1638/492 842/1668/476
f 121/1669/507 122/1627/488 750/1628/488 749/1670/507
f 157/1671/28 158/1672/28 786/1673/28 785/1674/28
f 419/1619/484 420/1675/508 1048/1676/508 1047/1620/484
f 26/1643/496 27/1677/509 655/1678/509 654/1644/496
f 317/1679/510 318/1653/501 946/1656/501 945/1680/510
f 213/1681/511 214/1667/476 842/1668/476 841/1682/511
f 169/1683/512 170/1663/505 798/1664/505 797/1684/512
f 545/1685/513 546/1605/478 1174/1606/478 1173/1686/513
f 313/1661/504 314/1687/514 942/1688/514 941/1662/504
f 383/1689/515 384/1599/475 1012/1600/475 1011/1690/515
f 212/1691/516 213/1681/511 841/1682/511 840/1692/516
f 120/1693/517 121/1669/507 749/1670/507 748/1694/517
f 168/1695/190 169/1683/512 797/1684/512 796/1696/190
f 627/1697/518 628/1639/493 1256/1642/493 1255/1698/518
f 27/1677/509 28/1699/519 656/1700/519 655/1678/509
f 152/1474/520 153/1629/520 781/1630/520 780/1475/520
f 602/1665/506 603/1701/521 1231/1702/521 1230/1666/506
f 433/1703/522 434/1649/499 1062/1652/499 1061/1704/522
f 316/1705/523 317/1679/510 945/1680/510 944/1706/523
f 211/1707/524 212/1691/516 840/1692/516 839/1708/524
f 153/1709/525 154/1710/525 782/1711/525 781/1712/525
f 314/1687/514 315/672/28 943/673/28 942/1688/514
f 520/1589/471 521/1713/526 1149/1714/526 1148/1590/471
f 432/1715/527 433/1703/522 1061/1704/522 1060/1716/527
f 315/672/28 316/1705/523 944/1706/523 943/673/28
f 210/1717/528 211/1707/524 839/1708/524 838/1718/528
f 119/1719/529 120/1693/517 748/1694/517 747/1720/529
f 167/1721/530 168/1695/190 796/1696/190 795/1722/530
f 399/1723/531 400/1724/532 1028/1725/532 1027/1726/531
f 28/1699/519 29/1727/533 657/1728/533 656/1700/519
f 603/1701/521 604/1729/534 1232/1730/534 1231/1702/521
f 431/1731/535 432/1715/527 1060/1716/527 1059/1732/535
f 209/1733/536 210/1717/528 838/1718/528 837/1734/536
f 166/1735/537 167/1721/530 795/1722/530 794/1736/537
f 420/1675/508 421/1737/538 1049/1738/538 1048/1676/508
f 398/1739/539 399/1723/531 1027/1726/531 1026/1740/539
f 400/1724/532 401/1741/540 1029/1742/540 1028/1725/532
f 208/1743/541 209/1733/536 837/1734/536 836/1744/541
f 118/1745/542 119/1719/529 747/1720/529 746/1746/542
f 165/1747/530 166/1735/537 794/1736/537 793/1748/530
f 544/1749/543 545/1685/513 1173/1686/513 1172/1750/543
f 29/1727/533 30/1751/544 658/1752/544 657/1728/533
f 430/1753/545 431/1731/535 1059/1732/535 1058/1754/545
f 207/1755/15 208/1743/541 836/1744/541 835/1756/15
f 164/1757/190 165/1747/530 793/1748/530 792/1758/190
f 626/1759/546 627/1697/518 1255/1698/518 1254/1760/546
f 397/1761/547 398/1739/539 1026/1740/539 1025/1762/547
f 604/1729/534 605/1763/548 1233/1764/548 1232/1730/534
f 429/1765/549 430/1753/545 1058/1754/545 1057/1766/549
f 401/1741/540 402/1767/550 1030/1768/550 1029/1742/540
f 206/1769/551 207/1755/15 835/1756/15 834/1770/551
f 117/1771/552 118/1745/542 746/1746/542 745/1772/552
f 163/1773/512 164/1757/190 792/1758/190 791/1774/512
f 30/1775/544 31/1776/553 659/1777/553 658/1778/544
f 161/1779/28 162/1780/28 790/1781/28 789/1782/28
f 521/1713/526 522/1783/554 1150/1784/554 1149/1714/526
f 428/1785/555 429/1765/549 1057/1766/549 1056/1786/555
f 205/1787/556 206/1769/551 834/1770/551 833/1788/556
f 162/1629/557 163/1773/512 791/1774/512 790/1630/557
f 436/1658/503 437/1789/558 1065/1790/558 1064/1659/503
f 396/1791/559 397/1761/547 1025/1762/547 1024/1792/559
f 31/1776/553 32/1793/560 660/1794/560 659/1777/553
f 175/1795/561 176/1629/561 804/1630/561 803/1796/561
f 605/1763/548 606/1797/562 1234/1798/562 1233/1764/548
f 402/1767/550 403/1799/563 1031/1800/563 1030/1768/550
f 204/1801/564 205/1787/556 833/1788/556 832/1802/564
f 421/1737/538 422/1803/565 1050/1804/565 1049/1738/538
f 202/1805/28 203/1806/28 831/1807/28 830/1808/28
f 174/1809/7 175/1810/7 803/1811/7 802/1812/7
f 203/1629/566 204/1801/564 832/1802/564 831/1630/566
f 116/1813/567 117/1771/552 745/1772/552 744/1814/567
f 543/1815/568 544/1749/543 1172/1750/543 1171/1816/568
f 395/1817/569 396/1791/559 1024/1792/559 1023/1818/569
f 291/672/7 292/1819/570 920/1820/570 919/673/7
f 32/1793/560 33/1821/571 661/1822/571 660/1794/560
f 427/1823/572 428/1785/555 1056/1786/555 1055/1824/572
f 403/1799/563 404/1825/573 1032/1826/573 1031/1800/563
f 184/1827/574 182/1828/574 810/1829/574 812/1830/574
f 625/1831/575 626/1759/546 1254/1760/546 1253/1832/575
f 290/1833/576 291/672/7 919/673/7 918/1834/576
f 606/1797/562 607/1835/577 1235/1836/577 1234/1798/562
f 426/1837/578 427/1823/572 1055/1824/572 1054/1838/578
f 115/1839/579 116/1813/567 744/1814/567 743/1840/579
f 182/1828/580 183/1827/580 811/1830/580 810/1829/580
f 394/1841/581 395/1817/569 1023/1818/569 1022/1842/581
f 289/1843/582 290/1833/576 918/1834/576 917/1844/582
f 33/1821/571 34/1845/583 662/1846/583 661/1822/571
f 425/1847/584 426/1837/578 1054/1838/578 1053/1848/584
f 404/1825/573 405/1849/585 1033/1850/585 1032/1826/573
f 292/1819/570 293/1851/586 921/1852/586 920/1820/570
f 624/1853/587 625/1831/575 1253/1832/575 1252/1854/587
f 422/1803/565 423/1855/588 1051/1856/588 1050/1804/565
f 34/1845/583 35/1857/589 663/1858/589 662/1846/583
f 181/1629/590 174/1795/590 802/1796/590 809/1630/590
f 542/1859/591 543/1815/568 1171/1816/568 1170/1860/591
f 423/1855/588 424/1861/592 1052/1862/592 1051/1856/588
f 393/1863/66 394/1864/581 1022/1865/581 1021/1866/66
f 288/1867/593 289/1843/582 917/1844/582 916/1868/593
f 35/1857/589 36/1869/594 664/1870/594 663/1858/589
f 522/1783/554 523/1871/595 1151/1872/595 1150/1784/554
f 424/1861/592 425/1847/584 1053/1848/584 1052/1862/592
f 405/1873/585 406/1874/596 1034/1875/596 1033/1876/585
f 293/1851/586 294/1877/597 922/1878/597 921/1852/586
f 437/1789/558 438/1879/598 1066/1880/598 1065/1790/558
f 183/1881/7 184/1882/7 812/1883/7 811/1884/7
f 607/1835/577 608/1885/599 1236/1886/599 1235/1836/577
f 114/1887/600 115/1888/579 743/1889/579 742/1890/600
f 178/1891/28 179/1892/28 807/1893/28 806/1894/28
f 392/668/26 393/1863/66 1021/1866/66 1020/669/26
f 287/1895/601 288/1867/593 916/1868/593 915/1896/601
f 36/1869/594 37/723/602 665/726/602 664/1870/594
f 608/1885/599 609/1897/603 1237/1898/603 1236/1886/599
f 382/1899/604 383/1689/515 1011/1690/515 1010/1900/604
f 406/1874/596 407/741/59 1035/744/59 1034/1875/596
f 294/1877/597 295/1901/605 923/1902/605 922/1878/597
f 438/1879/598 439/1903/606 1067/1904/606 1066/1880/598
f 37/1905/211 38/1906/211 666/1907/211 665/1908/211
f 176/1909/28 177/1910/28 805/1911/28 804/1912/28
f 295/1913/605 296/654/607 924/655/607 923/1914/605
f 177/1915/608 178/1916/608 806/1917/608 805/1918/608
f 623/646/15 624/1853/587 1252/1854/587 1251/647/15
f 459/1919/609 460/1920/610 1088/1921/610 1087/1922/609
f 179/1916/611 180/1923/611 808/1924/611 807/1917/611
f 381/634/9 382/1899/604 1010/1900/604 1009/635/9
f 113/1925/612 114/1887/600 742/1890/600 741/1926/612
f 180/1927/613 181/1928/613 809/1929/613 808/1930/613
f 541/698/40 542/1859/591 1170/1860/591 1169/699/40
f 439/1903/606 440/1931/614 1068/1932/614 1067/1904/606
f 286/654/19 287/1913/601 915/1914/601 914/655/19
f 185/1473/211 186/1629/211 814/1630/211 813/1476/211
f 609/1897/603 610/659/21 1238/662/21 1237/1898/603
f 460/1920/610 461/637/10 1089/640/10 1088/1921/610
f 296/654/607 297/653/55 925/656/55 924/655/607
f 112/1933/615 113/1925/612 741/1926/612 740/1934/615
f 440/1931/614 441/649/16 1069/652/16 1068/1932/614
f 523/1871/595 524/729/52 1152/732/52 1151/1872/595
f 111/642/616 112/1933/615 740/1934/615 739/643/616
f 458/686/34 459/1919/609 1087/1922/609 1086/687/34
